t_s,velocity_mm_per_s
0,0.17562115902682268
0.00048828125,0.8552706601421729
0.0009765625,1.1003673936305578
0.00146484375,1.1195526916201124
0.001953125,1.5292386294490359
0.00244140625,0.44665577666954281
0.0029296875,0.94072242700062714
0.00341796875,0.52954208596815977
0.00390625,0.058775970969147773
0.00439453125,0.48798246855738819
0.0048828125,0.97906315592358861
0.00537109375,0.51701780623045934
0.005859375,0.92506183868544678
0.00634765625,1.6013931288897352
0.0068359375,1.3162422796254931
0.00732421875,1.2755378045003836
0.0078125,1.0928152542326126
0.00830078125,0.7440818784968255
0.0087890625,-0.19919535660600018
0.00927734375,1.136904902128161
0.009765625,-0.19086067015255592
0.01025390625,0.61523605881602095
0.0107421875,0.42580179243646255
0.01123046875,0.54948681269653821
0.01171875,0.63131152630378429
0.01220703125,0.37764560801548686
0.0126953125,1.0391062686273149
0.01318359375,-0.016112655481193894
0.013671875,1.0446925243911691
0.01416015625,-0.19660415790783714
0.0146484375,1.2195046982091258
0.01513671875,0.32761142487513278
0.015625,0.7100209952399108
0.01611328125,1.2121003561178143
0.0166015625,-0.68400490511016621
0.01708984375,0.19256093587162429
0.017578125,0.60887549591282286
0.01806640625,0.76624288111644923
0.0185546875,1.0104531035992896
0.01904296875,0.66304128203511969
0.01953125,0.65002809763413849
0.02001953125,0.47210204005544198
0.0205078125,0.55946246010820566
0.02099609375,0.44252360313874484
0.021484375,0.85033550187516327
0.02197265625,0.34753781385653382
0.0224609375,0.48554387025354961
0.02294921875,0.82010864533034511
0.0234375,0.44649558674217049
0.02392578125,-0.46105493672024445
0.0244140625,-0.47991340048730335
0.02490234375,-0.18047205535211286
0.025390625,-0.96474415349957476
0.02587890625,-1.6307896999614893
0.0263671875,-1.273052241328658
0.02685546875,-0.53777064205315561
0.02734375,-0.94934719933490985
0.02783203125,-1.0649867708853578
0.0283203125,-0.56876468661008273
0.02880859375,-1.5405806219346738
0.029296875,0.029129396811510722
0.02978515625,-1.1908478431929566
0.0302734375,-1.4657468340770268
0.03076171875,-0.37736905656622666
0.03125,-2.011847968344239
0.03173828125,-1.7564863191331006
0.0322265625,-1.5550013200757626
0.03271484375,-1.9520135626842987
0.033203125,-1.5647278431524432
0.03369140625,-0.99392256344971031
0.0341796875,-1.068847906355038
0.03466796875,-1.0356238588712141
0.03515625,-0.37622252762327912
0.03564453125,0.20311542719323505
0.0361328125,0.15471281340966714
0.03662109375,-1.5794416139612073
0.037109375,0.23067788260889555
0.03759765625,0.00084295978426157658
0.0380859375,-0.1166852381037822
0.03857421875,-0.73826134356150463
0.0390625,-0.38311824931373029
0.03955078125,-0.1520078601285122
0.0400390625,-0.61230105461432005
0.04052734375,0.84994268997310729
0.041015625,0.8369797788879626
0.04150390625,0.54315411020555371
0.0419921875,0.22157685262886806
0.04248046875,1.4907356594249297
0.04296875,1.2283775934083825
0.04345703125,1.4927686177600283
0.0439453125,0.76842649930000928
0.04443359375,2.1601753378545281
0.044921875,0.85403051174168321
0.04541015625,1.8496710383777333
0.0458984375,-0.18205811677653383
0.04638671875,0.93217021190330029
0.046875,0.79365697936218382
0.04736328125,-0.51427044126461763
0.0478515625,0.436638351151307
0.04833984375,0.17199872207422329
0.048828125,0.11122217317716798
0.04931640625,0.46216343683928035
0.0498046875,0.26379301261193711
0.05029296875,1.0002882119602152
0.05078125,1.0339473412516156
0.05126953125,0.87662268169393487
0.0517578125,0.25093149713438057
0.05224609375,0.33863702895572062
0.052734375,1.3355110713824141
0.05322265625,0.25368151601063993
0.0537109375,0.36763730149736595
0.05419921875,0.064120697657884973
0.0546875,0.63089934938692327
0.05517578125,0.84474183288495797
0.0556640625,0.85280332815763926
0.05615234375,0.72823312693395814
0.056640625,0.92644049352087987
0.05712890625,0.5049524588998543
0.0576171875,0.93832274237896907
0.05810546875,0.12045926002356877
0.05859375,0.62405709869289561
0.05908203125,0.93990500576695135
0.0595703125,-0.083184167486931304
0.06005859375,0.72429890346065406
0.060546875,0.40723578832045554
0.06103515625,-0.43875673326491432
0.0615234375,-0.73528610036683628
0.06201171875,-0.74937698324319979
0.0625,-0.47080461956504438
0.06298828125,0.1948964572742172
0.0634765625,0.14077825947117201
0.06396484375,0.60057305803292738
0.064453125,1.0691823554467779
0.06494140625,-0.38388881465827468
0.0654296875,-1.2731124506402089
0.06591796875,-1.1343187652485014
0.06640625,-1.5607680665887416
0.06689453125,-1.0560858990860738
0.0673828125,-1.1439992837146449
0.06787109375,-0.38288635162931184
0.068359375,-1.8978981348968946
0.06884765625,-1.3580053316710952
0.0693359375,-1.4161694714055424
0.06982421875,-1.3785374051560442
0.0703125,-1.5969073533272138
0.07080078125,-0.23464102023740629
0.0712890625,-1.3577053651145097
0.07177734375,-1.2223298776065989
0.072265625,-0.87267716543773699
0.07275390625,-1.1121150895661205
0.0732421875,-0.34113689640605727
0.07373046875,-1.8417218166023739
0.07421875,-1.3440902581152145
0.07470703125,-1.4909574155565224
0.0751953125,-1.243290991785357
0.07568359375,-0.69145015718320746
0.076171875,-1.342282133236401
0.07666015625,-1.8861438310279803
0.0771484375,-0.70630710582167466
0.07763671875,-1.0830329552870968
0.078125,-0.06130124401392556
0.07861328125,-0.072014495131173306
0.0791015625,1.0299014336456658
0.07958984375,0.39385462076042721
0.080078125,-0.17821498513414608
0.08056640625,0.50240890101804969
0.0810546875,0.91102584418053256
0.08154296875,0.46209035974754775
0.08203125,0.44150078257671577
0.08251953125,0.36198250371567964
0.0830078125,0.34135391389941527
0.08349609375,0.15133139580384175
0.083984375,1.2950404290896564
0.08447265625,0.97974453253967586
0.0849609375,0.15696406460183809
0.08544921875,1.493582220816978
0.0859375,1.0333236600953959
0.08642578125,1.1741160641187269
0.0869140625,1.1441250132015357
0.08740234375,1.6336655673451645
0.087890625,-0.13222596541886278
0.08837890625,0.89188841912623917
0.0888671875,1.0866023095142774
0.08935546875,0.6524054199306335
0.08984375,-0.18663829574237545
0.09033203125,-0.055398539577700912
0.0908203125,0.65361411499338939
0.09130859375,1.2522571233009538
0.091796875,-0.41082916564644512
0.09228515625,0.29693200196703462
0.0927734375,0.78700616824038205
0.09326171875,0.78133732096753372
0.09375,0.9529903316954238
0.09423828125,1.2594789664689157
0.0947265625,1.0395908282079209
0.09521484375,-0.12825326045151186
0.095703125,0.39764243085046369
0.09619140625,-0.066065052443039618
0.0966796875,0.41698474857537637
0.09716796875,1.1315745934366779
0.09765625,0.86626895395288495
0.09814453125,1.5124974733300156
0.0986328125,1.0665864567264554
0.09912109375,0.96318616062835027
0.099609375,0.9754958545758583
0.10009765625,0.16595134035417036
0.1005859375,0.46006564551497031
0.10107421875,0.82509928323497383
0.1015625,0.87517844016069801
0.10205078125,0.72934422662941412
0.1025390625,-0.14036461675068523
0.10302734375,-0.32612104775061684
0.103515625,-0.49836469891081625
0.10400390625,0.85432929455378925
0.1044921875,-0.25528196367540357
0.10498046875,0.10326126670280023
0.10546875,-0.43325491424754836
0.10595703125,-0.55997509413943114
0.1064453125,-0.64664698052636838
0.10693359375,-0.76439072703552335
0.107421875,-0.5801886169822017
0.10791015625,-0.26525180063155945
0.1083984375,-1.3759600393362514
0.10888671875,-0.8011042090831958
0.109375,-1.0744171810915459
0.10986328125,-1.2649552346136597
0.1103515625,-0.84439030268314008
0.11083984375,-0.49418698193762445
0.111328125,-2.0645694947336146
0.11181640625,-1.3866485807486726
0.1123046875,-0.95920225265772674
0.11279296875,-1.0682107712438489
0.11328125,-2.2542937225741944
0.11376953125,-1.1191733110653832
0.1142578125,-1.4645866517383248
0.11474609375,-1.3683659000643802
0.115234375,-0.65444085472737878
0.11572265625,-1.431493561998733
0.1162109375,-0.70635380561811778
0.11669921875,-0.31763016599690402
0.1171875,-0.99893723733344597
0.11767578125,-1.1142193613940938
0.1181640625,0.51361133262859338
0.11865234375,-0.98736405770221891
0.119140625,0.26010618911272598
0.11962890625,-0.62369112030932305
0.1201171875,-0.053008713850538083
0.12060546875,-0.23660364688043711
0.12109375,0.25767490005848892
0.12158203125,0.43787861104230141
0.1220703125,-0.021266877487479574
0.12255859375,0.59005935984923819
0.123046875,1.2440029748556596
0.12353515625,0.46772167866117897
0.1240234375,-0.21546637030033344
0.12451171875,1.040647628794114
0.125,0.46755569904026617
0.12548828125,1.0385284229504972
0.1259765625,0.62526100860011258
0.12646484375,0.4038384269867501
0.126953125,0.65184435584969846
0.12744140625,0.96592794721217745
0.1279296875,0.97231157864580475
0.12841796875,0.19161820434060317
0.12890625,0.19104759409675875
0.12939453125,0.28455554525188309
0.1298828125,1.4931009387074643
0.13037109375,0.9945552204107122
0.130859375,0.41343112175546209
0.13134765625,0.67184889745262155
0.1318359375,1.3865741887839138
0.13232421875,0.064420411805452882
0.1328125,0.3303007863804367
0.13330078125,0.83821210597590068
0.1337890625,0.76669976369879467
0.13427734375,0.69679848469476324
0.134765625,-0.078017101686501333
0.13525390625,0.40122183283296675
0.1357421875,-0.75156844221275643
0.13623046875,0.3151484461617563
0.13671875,0.25086901553233859
0.13720703125,0.31027557348216322
0.1376953125,1.2088890130602379
0.13818359375,0.51416435451331044
0.138671875,0.47637991134601926
0.13916015625,0.87221040662547344
0.1396484375,1.3498400236104708
0.14013671875,-0.041966053531225678
0.140625,0.66271643532256663
0.14111328125,0.090159927543815355
0.1416015625,-0.58230854141353916
0.14208984375,-0.11167993432300127
0.142578125,0.32480136089059053
0.14306640625,0.037646906671619434
0.1435546875,-0.064845414330331058
0.14404296875,0.13729624161660145
0.14453125,-0.035698454516016526
0.14501953125,-0.10309293913278458
0.1455078125,-0.57345947137758568
0.14599609375,0.10401158589696871
0.146484375,-1.4800126739839605
0.14697265625,-0.4112914003924954
0.1474609375,-1.0541653479012418
0.14794921875,-0.43813287182247124
0.1484375,-1.5323897011934844
0.14892578125,-2.2377024121714104
0.1494140625,-0.89036261673990691
0.14990234375,-0.67043914028766283
0.150390625,-2.116123921948708
0.15087890625,-0.99748903600223748
0.1513671875,-1.0623121437614578
0.15185546875,-1.6948889267536593
0.15234375,-0.90442774611865151
0.15283203125,-1.6685134769406353
0.1533203125,-0.77262552284609987
0.15380859375,-0.71435040862917376
0.154296875,-1.5541274699686642
0.15478515625,-1.5342784589935756
0.1552734375,-1.321865247511518
0.15576171875,-2.275939655500391
0.15625,-1.5746306576849443
0.15673828125,-1.1327784036623467
0.1572265625,0.13011154910596467
0.15771484375,-0.2163716516749945
0.158203125,-0.50706550919952165
0.15869140625,-0.89110339867485366
0.1591796875,-0.10110942370300091
0.15966796875,-0.10130539341804284
0.16015625,-0.69959271036868098
0.16064453125,-0.062924752861107894
0.1611328125,-0.53636357438657756
0.16162109375,-0.056772971984553611
0.162109375,-1.3887832694052249
0.16259765625,1.0165855139807114
0.1630859375,0.11037204652854604
0.16357421875,-0.086620405142134871
0.1640625,0.22823356858246002
0.16455078125,-0.16791234243675446
0.1650390625,0.68609458742836615
0.16552734375,1.5526421456385122
0.166015625,1.1112935069528118
0.16650390625,0.84553778199861906
0.1669921875,0.98189917818997696
0.16748046875,1.0937889068656899
0.16796875,0.80689205396047514
0.16845703125,0.63806640721162911
0.1689453125,0.86123874015680701
0.16943359375,0.89801580539509596
0.169921875,0.4156578600354856
0.17041015625,0.77534660859748583
0.1708984375,-0.004912750607432792
0.17138671875,-0.3145221158131063
0.171875,-0.35687309175225723
0.17236328125,0.79793278069609375
0.1728515625,0.26967315246579004
0.17333984375,0.64606465891376053
0.173828125,0.29820488568595099
0.17431640625,0.48906271041311866
0.1748046875,0.72887776720374076
0.17529296875,-0.11685827086226785
0.17578125,0.20041365251361914
0.17626953125,1.1850012987990226
0.1767578125,1.3611103085492648
0.17724609375,0.42312260952309283
0.177734375,0.41623844053351172
0.17822265625,0.020051727185746993
0.1787109375,-0.19163532591125143
0.17919921875,0.77827317127650697
0.1796875,1.0495174004820578
0.18017578125,0.72712604858006979
0.1806640625,0.80419755427184558
0.18115234375,0.18839496453796184
0.181640625,1.1150448562942872
0.18212890625,0.62396093033283218
0.1826171875,0.09758073536224543
0.18310546875,0.83160645126230615
0.18359375,-0.23204224303836338
0.18408203125,-0.43195461521728223
0.1845703125,0.0041835763604672824
0.18505859375,-0.67323083690158014
0.185546875,-0.76865890376979806
0.18603515625,0.0024227290000822799
0.1865234375,-0.26905682221512695
0.18701171875,-0.63108443278085447
0.1875,-0.1217740460064814
0.18798828125,-0.41708644480154972
0.1884765625,-0.16519130212302274
0.18896484375,-0.24373638478782522
0.189453125,-0.36186636511816878
0.18994140625,-1.4445294600766037
0.1904296875,-0.60833671354424723
0.19091796875,-1.1672576806702266
0.19140625,-1.0799560219010138
0.19189453125,-1.3843643379072748
0.1923828125,-1.0894522920303649
0.19287109375,-1.5721504505980679
0.193359375,-1.729544176671997
0.19384765625,-1.1522622201228627
0.1943359375,-1.5459011293940921
0.19482421875,-1.8634755492370054
0.1953125,-1.2967865764782174
0.19580078125,-1.266973808154894
0.1962890625,-1.2194808251105052
0.19677734375,-1.0702137860350294
0.197265625,-1.2768988005720781
0.19775390625,-1.2568020107246762
0.1982421875,0.58898916310734561
0.19873046875,-1.2399423754813674
0.19921875,-0.54423681184040718
0.19970703125,-0.51484626623873142
0.2001953125,-0.78150017925001158
0.20068359375,-0.57715826072680987
0.201171875,-0.66234910962760785
0.20166015625,-0.56019448963953555
0.2021484375,1.0582764854304685
0.20263671875,-0.13990571291073589
0.203125,0.088556805189105747
0.20361328125,1.1051198793468429
0.2041015625,0.016924538518121701
0.20458984375,1.4079748251349864
0.205078125,0.70526357702175579
0.20556640625,1.4142309342489119
0.2060546875,0.27725182551718491
0.20654296875,0.37426047336072393
0.20703125,1.098403226349721
0.20751953125,0.55544113829593222
0.2080078125,0.40655032361918569
0.20849609375,1.2714631131476397
0.208984375,0.829299188418269
0.20947265625,0.46894512747513123
0.2099609375,0.91459566534946102
0.21044921875,1.1550455257067833
0.2109375,0.75386345844198255
0.21142578125,1.9548791864524249
0.2119140625,1.0232339531907604
0.21240234375,0.61277418253805338
0.212890625,0.63741278981368188
0.21337890625,0.93522161537036186
0.2138671875,0.13639628591215525
0.21435546875,0.20787449077601525
0.21484375,0.35317578567745289
0.21533203125,0.21922295473869854
0.2158203125,0.22126197759417665
0.21630859375,-0.96880147372318259
0.216796875,0.16217497248654694
0.21728515625,0.48590254227373619
0.2177734375,1.0502416711623217
0.21826171875,0.10172693406505195
0.21875,0.53737945294559686
0.21923828125,0.32896722239242226
0.2197265625,0.45595089617925655
0.22021484375,1.2593436555269863
0.220703125,1.0335490895821946
0.22119140625,1.0792141197053344
0.2216796875,-0.30349733718502769
0.22216796875,-0.22275743008638943
0.22265625,0.5220400889958734
0.22314453125,-0.3262653049728525
0.2236328125,0.67528620175925957
0.22412109375,1.9080423957600603
0.224609375,-0.34824503101055537
0.22509765625,0.65329718224567457
0.2255859375,0.15275801827296748
0.22607421875,0.22172790899658329
0.2265625,-0.27189254077186475
0.22705078125,-1.1846518709420202
0.2275390625,-0.74216648551192688
0.22802734375,-1.0881023532724785
0.228515625,-1.4438123667993206
0.22900390625,-0.95822162968297531
0.2294921875,-0.85338811869604192
0.22998046875,-1.5177766521254301
0.23046875,-0.76704244532016652
0.23095703125,-1.0437942250395775
0.2314453125,-0.85966318963031174
0.23193359375,-0.9214890844718957
0.232421875,-1.4428333922290051
0.23291015625,-0.014873917226972289
0.2333984375,-0.97554025718439408
0.23388671875,-0.85265384994645044
0.234375,-1.5435971119991845
0.23486328125,-1.4260781080804823
0.2353515625,-1.0416555038846962
0.23583984375,-1.8551672311085621
0.236328125,-1.2593908357520336
0.23681640625,-0.55058584654270992
0.2373046875,-1.334021699089639
0.23779296875,-0.95463570647519702
0.23828125,-1.4519360415637399
0.23876953125,-0.62915221100469143
0.2392578125,-0.36241272247480411
0.23974609375,-0.40216567206183762
0.240234375,-0.022929118772395396
0.24072265625,-0.35114341650397873
0.2412109375,-0.21127608051439745
0.24169921875,0.50702086709397121
0.2421875,0.46886711008996723
0.24267578125,0.24400657262869993
0.2431640625,1.058873320632598
0.24365234375,0.26410771293833013
0.244140625,0.36232795723131334
0.24462890625,0.88017072405235197
0.2451171875,1.8148133187837758
0.24560546875,0.64310971599149336
0.24609375,0.77933878341897478
0.24658203125,0.88538393924409764
0.2470703125,0.7698679623639848
0.24755859375,0.47655105114896013
0.248046875,1.3557077489860991
0.24853515625,1.4706218630700039
0.2490234375,1.1993666193963688
0.24951171875,1.0265133445570358
0.25,0.56190916726029516
0.25048828125,1.0390622203878532
0.2509765625,0.82282469204438924
0.25146484375,0.35714176002011816
0.251953125,0.7928500920307433
0.25244140625,0.21524273550202211
0.2529296875,0.58633904971512796
0.25341796875,0.37993939350973566
0.25390625,1.1372330150764574
0.25439453125,0.41558238049094753
0.2548828125,0.92289562418738469
0.25537109375,-0.024275088328890582
0.255859375,0.68329817962619177
0.25634765625,0.8331501784559816
0.2568359375,0.3977507874223053
0.25732421875,-0.015328352753146202
0.2578125,0.01940674309324103
0.25830078125,0.43762944044954438
0.2587890625,0.34880644193783594
0.25927734375,0.18651174428765618
0.259765625,-0.23168269634239269
0.26025390625,-0.19507213445187987
0.2607421875,0.34603631369013177
0.26123046875,0.17646688312381581
0.26171875,0.67480201246701177
0.26220703125,0.87601457617799283
0.2626953125,0.50101046013978268
0.26318359375,0.084317614581030487
0.263671875,0.11792394914021548
0.26416015625,0.44616571609258338
0.2646484375,-0.73807950758654051
0.26513671875,0.35585861802340191
0.265625,0.2517211025398719
0.26611328125,-0.43310221587162728
0.2666015625,-0.16629325993745533
0.26708984375,-0.20547343602533275
0.267578125,0.31987981794964943
0.26806640625,0.00057744665986014798
0.2685546875,-0.72058208203597296
0.26904296875,-2.010168936544229
0.26953125,0.40953800246883443
0.27001953125,-0.31913437430320957
0.2705078125,-1.1307241036387297
0.27099609375,-1.8377272330822869
0.271484375,-1.4541278788764964
0.27197265625,-1.86656468165235
0.2724609375,-0.72589713719438886
0.27294921875,-1.0733126172357761
0.2734375,-2.3375429217964308
0.27392578125,-1.159471137050254
0.2744140625,-1.6553382499336267
0.27490234375,-1.1777222992439065
0.275390625,-1.6390635067761083
0.27587890625,-2.1946013139834983
0.2763671875,-1.9699453752192118
0.27685546875,-1.1600985477348842
0.27734375,-0.71300100844109671
0.27783203125,-0.40108708361037704
0.2783203125,-0.39315277332701937
0.27880859375,-1.0608488996263796
0.279296875,-0.83219973736161756
0.27978515625,-0.57719573063894636
0.2802734375,-0.77795081716399994
0.28076171875,0.01952705457736148
0.28125,-0.62205800574200221
0.28173828125,-0.026277802910158798
0.2822265625,0.049036692813480193
0.28271484375,0.33560684632622079
0.283203125,1.0635429179174878
0.28369140625,0.61257032696407465
0.2841796875,0.91307044762380429
0.28466796875,0.74859984754185094
0.28515625,0.7312873238214006
0.28564453125,1.3505572649012987
0.2861328125,0.44476627353950532
0.28662109375,0.64832714603862651
0.287109375,1.1123725576410772
0.28759765625,1.0062742673185208
0.2880859375,0.84817852289661844
0.28857421875,0.77058687236095302
0.2890625,0.29457744338071234
0.28955078125,1.0885159570661675
0.2900390625,0.7660848122937356
0.29052734375,1.5603067273356692
0.291015625,1.2268224826476735
0.29150390625,-0.15341362076334897
0.2919921875,1.0164523086462589
0.29248046875,1.1591406335895009
0.29296875,0.63513123952036732
0.29345703125,0.7317857901781335
0.2939453125,0.70431717064558974
0.29443359375,0.72936696925865618
0.294921875,-0.024214446674481971
0.29541015625,0.59709301081278254
0.2958984375,1.1590345656438379
0.29638671875,-0.1011305362099002
0.296875,0.84905541795660611
0.29736328125,-0.47921391870190055
0.2978515625,0.8699282198026469
0.29833984375,1.2654587898603427
0.298828125,1.0812123625082999
0.29931640625,-0.095388673439669169
0.2998046875,1.5218207708613338
0.30029296875,0.60109902681576
0.30078125,0.96245358756929034
0.30126953125,-0.11029715025420805
0.3017578125,-0.086017467072054266
0.30224609375,0.040957056838687167
0.302734375,0.41195478885619929
0.30322265625,0.6218402392834339
0.3037109375,-0.25801377523895458
0.30419921875,0.54241590547197993
0.3046875,0.81950678417470835
0.30517578125,0.89620607235017147
0.3056640625,0.1153846685717568
0.30615234375,-0.050135601074163511
0.306640625,0.79001973362308997
0.30712890625,0.088331827402443594
0.3076171875,-0.45927089636173379
0.30810546875,-0.37321665715629238
0.30859375,-0.71734652907300867
0.30908203125,-0.58394132516141373
0.3095703125,-0.91792356399237585
0.31005859375,-0.66738540798076706
0.310546875,-0.89536711813918257
0.31103515625,-1.1420969948334587
0.3115234375,-1.2952536063158751
0.31201171875,-1.0213375528209476
0.3125,-0.76587711088084798
0.31298828125,-0.86062178371529885
0.3134765625,-1.3790362966437915
0.31396484375,-1.1334657682993663
0.314453125,-0.36479929969152702
0.31494140625,-2.0890397086897039
0.3154296875,-1.3643579945442359
0.31591796875,-2.0928270932118753
0.31640625,-1.1694328568700583
0.31689453125,-1.2195133241671341
0.3173828125,-1.1046035887209189
0.31787109375,-1.3750510501997559
0.318359375,-1.320115390666486
0.31884765625,-1.7799408451877934
0.3193359375,-0.98736010336893254
0.31982421875,-0.88427659753917465
0.3203125,-1.0620414753765337
0.32080078125,-0.79732803555732268
0.3212890625,0.36503711520875393
0.32177734375,-0.45455122754096505
0.322265625,-0.5921326899962257
0.32275390625,-1.1296512996169499
0.3232421875,-0.10116475152957077
0.32373046875,-0.5212757255654451
0.32421875,0.73778835706142942
0.32470703125,-0.15172659176462772
0.3251953125,0.050505613314339615
0.32568359375,0.49171217374053916
0.326171875,0.2509627428444301
0.32666015625,0.87429439492698369
0.3271484375,1.3534571518162286
0.32763671875,1.4677019575458305
0.328125,1.1972601366062121
0.32861328125,0.71431486255073717
0.3291015625,1.7405591845251251
0.32958984375,2.0335699639558462
0.330078125,1.2028883779780242
0.33056640625,-0.042072738584561953
0.3310546875,0.92042215102003277
0.33154296875,0.65766948762161426
0.33203125,0.86637580126708202
0.33251953125,1.1183409154830708
0.3330078125,1.3173754732770488
0.33349609375,0.39494650076871629
0.333984375,0.98764588844436074
0.33447265625,0.334984406877265
0.3349609375,0.85472331609060481
0.33544921875,1.5631002131680301
0.3359375,0.66188628293136853
0.33642578125,0.43437936150100465
0.3369140625,1.1380106646351538
0.33740234375,0.29541125592673423
0.337890625,-0.075307163819475553
0.33837890625,0.53128621686391209
0.3388671875,-0.11484498287027878
0.33935546875,0.35616996381293375
0.33984375,0.26099991060597383
0.34033203125,-0.063329119165530967
0.3408203125,1.5484434741205093
0.34130859375,0.32481391564977985
0.341796875,1.2295524964640436
0.34228515625,0.4267283725953232
0.3427734375,0.88263350963831588
0.34326171875,0.86522362702359512
0.34375,1.3589300137242502
0.34423828125,0.16242383513100347
0.3447265625,-0.052370541239160101
0.34521484375,0.29716812171225154
0.345703125,-0.026506460017305153
0.34619140625,-0.67740992568972003
0.3466796875,0.4053944520017343
0.34716796875,-0.1515909069291333
0.34765625,-0.28980011338455192
0.34814453125,-0.38286504259045506
0.3486328125,0.18382691199853193
0.34912109375,-1.1174045434174709
0.349609375,-0.24185754160432404
0.35009765625,-0.89989270610222794
0.3505859375,-0.42807330997227078
0.35107421875,-1.4026496429945081
0.3515625,0.13375521070600316
0.35205078125,-1.4539520937382133
0.3525390625,-1.4672911514869644
0.35302734375,-1.8775329874319784
0.353515625,-0.9334434260267892
0.35400390625,-1.4158570021647408
0.3544921875,-2.1474830072160866
0.35498046875,-1.2954855258349307
0.35546875,-1.3236107515676629
0.35595703125,-1.8856132780650006
0.3564453125,-1.0500459727423335
0.35693359375,-1.4608892555781523
0.357421875,-1.260239368675272
0.35791015625,-0.99712905284356645
0.3583984375,-1.6574600538932143
0.35888671875,-0.89604446834766194
0.359375,-1.6796081427326492
0.35986328125,-2.0038243389945207
0.3603515625,-1.3534281806249422
0.36083984375,-0.59281586243656526
0.361328125,-0.69397220717072916
0.36181640625,-1.0891646177671643
0.3623046875,0.30533995210337611
0.36279296875,0.70662127572213485
0.36328125,-0.33045927982352657
0.36376953125,0.92355173060118645
0.3642578125,0.30255451002294897
0.36474609375,0.57289330039777298
0.365234375,1.2966233268644953
0.36572265625,0.8845488606138725
0.3662109375,-0.68511897868898841
0.36669921875,0.61781870747151779
0.3671875,-0.20391163781301191
0.36767578125,0.5611205520400212
0.3681640625,0.54718522223326349
0.36865234375,0.7343984281834337
0.369140625,1.3575070220452266
0.36962890625,0.95092278514521034
0.3701171875,0.92492347138130526
0.37060546875,0.94843600094849423
0.37109375,1.3144841715980726
0.37158203125,1.5673950436223778
0.3720703125,2.3804085416864527
0.37255859375,0.71286783100901729
0.373046875,0.74329400628330955
0.37353515625,0.54873890083346144
0.3740234375,0.28921139621549624
0.37451171875,0.83892161212077787
0.375,0.27698829256996854
0.37548828125,-0.046327327788316719
0.3759765625,0.93660138960090233
0.37646484375,1.3620401026603268
0.376953125,0.70233548075655816
0.37744140625,1.0823445155898421
0.3779296875,0.80406504024188252
0.37841796875,0.28181678805575394
0.37890625,0.87006253525579669
0.37939453125,0.65269795272769859
0.3798828125,0.18384704711191946
0.38037109375,1.0435408076841035
0.380859375,0.50559300752991565
0.38134765625,0.89090946334954835
0.3818359375,0.60936616894914541
0.38232421875,0.10351267504506909
0.3828125,0.16415714230642922
0.38330078125,0.58548270128122126
0.3837890625,0.51897484115342774
0.38427734375,0.20649166390407186
0.384765625,0.73012925883309154
0.38525390625,0.080599971513719393
0.3857421875,0.62867474474304452
0.38623046875,0.6302454320679729
0.38671875,-0.97275590278283741
0.38720703125,-0.59600979886335637
0.3876953125,0.032251988028773264
0.38818359375,-0.070877604396234098
0.388671875,0.22287084667946544
0.38916015625,-0.33167330769770575
0.3896484375,-0.72458415856493974
0.39013671875,-0.47711023325723689
0.390625,-1.1181021734466312
0.39111328125,-0.25218240684837928
0.3916015625,0.056494515062010975
0.39208984375,-0.35853681613757732
0.392578125,-1.1521098526313924
0.39306640625,0.29682978797077653
0.3935546875,-1.4647197579583295
0.39404296875,-1.5461658789232928
0.39453125,-0.78139826284510283
0.39501953125,-1.0220211765897007
0.3955078125,-1.6574154219225072
0.39599609375,-1.8569497697120865
0.396484375,-1.3463242729848246
0.39697265625,-1.5057892647125204
0.3974609375,-1.3653150253875665
0.39794921875,-1.7603665742469468
0.3984375,-1.8426335122067563
0.39892578125,-0.47769104988316757
0.3994140625,-0.57195918384618727
0.39990234375,-1.1483347579596848
0.400390625,-0.11537688730865825
0.40087890625,-1.1017010766221735
0.4013671875,-1.4059718799237251
0.40185546875,0.45739885095712263
0.40234375,-0.037727339155566586
0.40283203125,-0.72006328653512397
0.4033203125,-0.56514972892033311
0.40380859375,-0.62232900702010785
0.404296875,-0.51593084510278797
0.40478515625,-0.7259940481974646
0.4052734375,0.053141769167089042
0.40576171875,1.0474316052699031
0.40625,1.0482718941772358
0.40673828125,0.7891152594476849
0.4072265625,0.37051126401548157
0.40771484375,0.96857311688938597
0.408203125,0.85755585693970504
0.40869140625,1.4851866833573406
0.4091796875,1.8491815717846289
0.40966796875,0.88098515845766379
0.41015625,0.42036027813411286
0.41064453125,1.5647448137381521
0.4111328125,0.078506290565753201
0.41162109375,-0.16011711376189486
0.412109375,1.1401214569073574
0.41259765625,0.41060856028810039
0.4130859375,1.0866385617776211
0.41357421875,-0.078705420428708872
0.4140625,0.71538841137042208
0.41455078125,0.1343517230342921
0.4150390625,0.5196070020646415
0.41552734375,1.3327155149499292
0.416015625,0.92188862513536007
0.41650390625,1.0160473738218616
0.4169921875,1.0502542544886331
0.41748046875,0.5169887068667498
0.41796875,-0.097899924493493884
0.41845703125,-0.19559149727239994
0.4189453125,0.68668417452764297
0.41943359375,-0.44635246970718412
0.419921875,1.1056533123940979
0.42041015625,1.2394205327567067
0.4208984375,1.2058897613714481
0.42138671875,1.0070713326618126
0.421875,1.8711566621120612
0.42236328125,0.35961207419046187
0.4228515625,0.94033815248414321
0.42333984375,0.74640248676641208
0.423828125,-0.01310418620122733
0.42431640625,-0.12479129033616593
0.4248046875,-0.031019885752216758
0.42529296875,-0.40223653147423566
0.42578125,-0.40453347705643072
0.42626953125,-0.93165680042413812
0.4267578125,0.29610208426866935
0.42724609375,0.56719951996402984
0.427734375,0.22621443182214457
0.42822265625,0.15000293754301153
0.4287109375,0.58481551759837158
0.42919921875,-0.18861898158470597
0.4296875,0.48552809527376972
0.43017578125,-0.54503892831788858
0.4306640625,-0.92142297494517389
0.43115234375,-0.7100669697904175
0.431640625,-2.0199820381435378
0.43212890625,-1.1673054867400481
0.4326171875,-0.71211956415255473
0.43310546875,-0.4990100754893535
0.43359375,-1.5385039935884033
0.43408203125,-1.7230310236538371
0.4345703125,-0.50696293415752247
0.43505859375,-0.83712593413707026
0.435546875,-0.26449406515603746
0.43603515625,-0.63146956805199694
0.4365234375,-0.78504015973863517
0.43701171875,-1.0707294732418517
0.4375,-1.7425659294495091
0.43798828125,-1.8360112465340255
0.4384765625,-1.5423168131039195
0.43896484375,-1.3030836381578745
0.439453125,-1.6541356739462572
0.43994140625,-2.0865884186715569
0.4404296875,-0.25018907032840165
0.44091796875,-1.8833171203434458
0.44140625,-0.89467766705070373
0.44189453125,-1.3234660293118461
0.4423828125,-0.65835942978454787
0.44287109375,0.79398832704911193
0.443359375,0.25588470075076675
0.44384765625,-0.28768478045635271
0.4443359375,0.83272047206421085
0.44482421875,-0.14177838128694181
0.4453125,1.0580094053913163
0.44580078125,0.39419061578356734
0.4462890625,0.14224390823740174
0.44677734375,0.44676821224075358
0.447265625,-0.0089233736104618044
0.44775390625,-0.10364208738670555
0.4482421875,0.46482860247494218
0.44873046875,0.55273468739844456
0.44921875,0.78085175891471204
0.44970703125,1.1619091722501018
0.4501953125,1.2117947325850955
0.45068359375,1.2384744193377493
0.451171875,0.95716465822176655
0.45166015625,0.69239334106622596
0.4521484375,1.2976758550558007
0.45263671875,0.60601166524576833
0.453125,0.91262399698528629
0.45361328125,0.34313013146915111
0.4541015625,0.62053906236455292
0.45458984375,0.31563114884435944
0.455078125,0.61168294788626887
0.45556640625,1.2391614922440217
0.4560546875,0.45129724292205814
0.45654296875,0.47101400758806011
0.45703125,0.26399927751212104
0.45751953125,0.48857300939767517
0.4580078125,0.67411248999648743
0.45849609375,0.15881138041308285
0.458984375,0.73389520924325091
0.45947265625,0.28294600551099136
0.4599609375,0.32969315770200208
0.46044921875,0.95045422175111849
0.4609375,0.10824762662122706
0.46142578125,0.27269573963683863
0.4619140625,0.38144042337033773
0.46240234375,0.72957768160311232
0.462890625,-0.21666289960782453
0.46337890625,-0.26137070991274464
0.4638671875,0.86978044694127243
0.46435546875,1.0009388808292849
0.46484375,1.1597202295144553
0.46533203125,1.150807011835683
0.4658203125,0.33253428040219435
0.46630859375,0.64188967792467833
0.466796875,0.99129389388962874
0.46728515625,0.82756073643445904
0.4677734375,-1.0985819652116451
0.46826171875,0.26133392747591394
0.46875,0.14260154851035189
0.46923828125,0.26169433386663321
0.4697265625,0.28867962041983414
0.47021484375,0.12939400136537199
0.470703125,-0.32359820233308012
0.47119140625,-1.1961561900752042
0.4716796875,-0.31322220091056141
0.47216796875,-0.77893376896340316
0.47265625,-0.24258931955424079
0.47314453125,-0.98676918354354348
0.4736328125,-0.94735935089980472
0.47412109375,-1.1521028758576726
0.474609375,-0.80734659511387274
0.47509765625,-0.53838630688347178
0.4755859375,-1.2693215588288713
0.47607421875,-0.58015894885719588
0.4765625,-0.923338301448273
0.47705078125,-2.3005681551929178
0.4775390625,-2.1873616932974951
0.47802734375,-1.5509191429825915
0.478515625,-1.2143209988189407
0.47900390625,-1.9902908459668716
0.4794921875,-0.68823793266595334
0.47998046875,-1.6488327374912193
0.48046875,-0.37620799196632015
0.48095703125,-0.9094581038276297
0.4814453125,-0.70416343448821972
0.48193359375,-1.5189393910094622
0.482421875,-0.48374081354526255
0.48291015625,-1.3641225080304209
0.4833984375,-0.72237881523160152
0.48388671875,-0.42545249995210088
0.484375,0.18169806453680615
0.48486328125,-0.20803886820102671
0.4853515625,-0.35713646219654749
0.48583984375,0.72468912073352465
0.486328125,0.67970783512178157
0.48681640625,0.696173346425914
0.4873046875,1.2310295929369517
0.48779296875,0.95130535747331668
0.48828125,1.3875354511433164
0.48876953125,0.28108112767257543
0.4892578125,1.0349554429147227
0.48974609375,1.640045500247999
0.490234375,0.2428540239129785
0.49072265625,0.54789534256566852
0.4912109375,0.69878972128128913
0.49169921875,1.0749597807328404
0.4921875,1.2475327922131196
0.49267578125,0.21231821834925879
0.4931640625,1.2811832632678959
0.49365234375,0.87469697890314413
0.494140625,0.86818558223168352
0.49462890625,0.85595550124497066
0.4951171875,0.56012188336338653
0.49560546875,1.0256692126550966
0.49609375,1.1783223621097059
0.49658203125,0.87764853643170027
0.4970703125,0.31222553244605922
0.49755859375,-0.075166485758657697
0.498046875,0.55439525822094615
0.49853515625,0.40678603659963009
0.4990234375,0.29563127923229437
0.49951171875,0.056331205385349858
0.5,0.52322393057146321
0.50048828125,0.27236837779046474
0.5009765625,0.8328159235843533
0.50146484375,1.4782445577146124
0.501953125,-0.0016093991433171473
0.50244140625,1.0344162366345984
0.5029296875,0.37853917794412673
0.50341796875,1.0111252485115936
0.50390625,1.516495637342077
0.50439453125,-0.46325265821936334
0.5048828125,-0.56318626871451882
0.50537109375,-0.85543547931430364
0.505859375,0.80619323586425762
0.50634765625,0.7206369885702899
0.5068359375,-0.046338099264574828
0.50732421875,-0.039133056061208038
0.5078125,-0.052235280437906983
0.50830078125,-0.015534222726074076
0.5087890625,-1.1770312929126425
0.50927734375,-0.15088416241842739
0.509765625,-0.58562538544787857
0.51025390625,0.32530435352309617
0.5107421875,-0.46902414435800721
0.51123046875,-0.91247774823395167
0.51171875,-0.049885991773571281
0.51220703125,-1.1557370549368811
0.5126953125,-1.0915745246968975
0.51318359375,-0.66178004545321556
0.513671875,-1.2604266287070289
0.51416015625,-1.5593387909336136
0.5146484375,-0.97466397457369136
0.51513671875,-1.8647349086092957
0.515625,-1.8298411588181072
0.51611328125,-0.74884798291061405
0.5166015625,-2.0606226013025508
0.51708984375,-0.25399998732998208
0.517578125,-0.78528293071060573
0.51806640625,-1.0756679391953077
0.5185546875,-1.5695860780172963
0.51904296875,-1.2820109995670763
0.51953125,-1.0570617103413193
0.52001953125,-1.452107711976717
0.5205078125,-1.0711548869136385
0.52099609375,-1.2183288040808238
0.521484375,-1.8809429291217232
0.52197265625,-1.2596749369476306
0.5224609375,-0.70199558791661654
0.52294921875,-1.082777891796878
0.5234375,-1.3339633104415838
0.52392578125,-0.68649881148574599
0.5244140625,-0.72945119747259224
0.52490234375,0.0047276190834678322
0.525390625,-1.3322378735198259
0.52587890625,0.71805947361733335
0.5263671875,0.64734885974963174
0.52685546875,0.63477433948769879
0.52734375,0.58633712688411244
0.52783203125,-0.12879038614274912
0.5283203125,0.49205048844577748
0.52880859375,1.3100941163911211
0.529296875,0.16100441746470673
0.52978515625,1.2542126342064979
0.5302734375,0.10169523957348192
0.53076171875,-0.13233289147747307
0.53125,1.1428070160302599
0.53173828125,-0.049650301242751382
0.5322265625,0.11513503492932808
0.53271484375,1.1115627908538603
0.533203125,1.2304249071113944
0.53369140625,1.2174191260962481
0.5341796875,-0.13616541756410572
0.53466796875,0.47825091532211672
0.53515625,0.15739874820310618
0.53564453125,1.8465128146436192
0.5361328125,1.2719898441658337
0.53662109375,0.85895296531426246
0.537109375,0.47947523114731361
0.53759765625,0.055359150789010991
0.5380859375,1.2422978800623437
0.53857421875,0.76953115239737913
0.5390625,0.67520430053036973
0.53955078125,0.4921857496611623
0.5400390625,-0.44485303041329971
0.54052734375,0.095640945665163291
0.541015625,0.49208831974366762
0.54150390625,0.83275016952524439
0.5419921875,1.1451860084821277
0.54248046875,0.4524929671131116
0.54296875,-0.01115538159307361
0.54345703125,-0.36301407469041658
0.5439453125,-0.16879312127919183
0.54443359375,1.2110705860666005
0.544921875,1.070599651516059
0.54541015625,0.64763757537489364
0.5458984375,0.60809503297458334
0.54638671875,1.2148872976534943
0.546875,0.54338741730921425
0.54736328125,0.93161517708270614
0.5478515625,-0.31962712619653938
0.54833984375,-0.36212669449864471
0.548828125,-0.17670945493003046
0.54931640625,-0.16990536473530943
0.5498046875,0.045189324433716732
0.55029296875,-0.17326963573904733
0.55078125,0.61376844853742651
0.55126953125,-1.3302463709512602
0.5517578125,-0.11554238120609309
0.55224609375,-0.38640830020608008
0.552734375,-0.41374341590855968
0.55322265625,-0.68421012468741249
0.5537109375,-0.74280514673293319
0.55419921875,-1.3832597578986308
0.5546875,-1.2366674349618836
0.55517578125,-0.13725755743004198
0.5556640625,-0.52027565978063706
0.55615234375,-0.79382271087316414
0.556640625,-1.2753543305140966
0.55712890625,-1.8124961635531354
0.5576171875,-0.48678443747668432
0.55810546875,-1.8266291200518434
0.55859375,-1.3942813885513523
0.55908203125,-1.5025303021037619
0.5595703125,-1.8371212146963156
0.56005859375,-2.0012731221373983
0.560546875,-1.2081662596385856
0.56103515625,-1.8080176103174277
0.5615234375,-0.98159275702105198
0.56201171875,-0.097664664669486201
0.5625,-1.3690119012337336
0.56298828125,-1.1080179559593553
0.5634765625,-0.58075184890503984
0.56396484375,-0.3408461254309621
0.564453125,0.13259586890986763
0.56494140625,-0.034485767277942947
0.5654296875,-0.11558245696691115
0.56591796875,-0.6941718922472867
0.56640625,0.3955323594010125
0.56689453125,0.15268846085514345
0.5673828125,0.25703561608135467
0.56787109375,-0.56039817982074025
0.568359375,0.59212627635241799
0.56884765625,1.1818608138999935
0.5693359375,0.69977550108707476
0.56982421875,0.97245137530517245
0.5703125,0.54537208403952697
0.57080078125,-0.19673192312001153
0.5712890625,1.3646131581648735
0.57177734375,0.2971450539606641
0.572265625,1.52257314106504
0.57275390625,-0.018770000316687296
0.5732421875,0.53596583719438717
0.57373046875,1.4464809968620909
0.57421875,0.5185601382432925
0.57470703125,0.66896651147994179
0.5751953125,1.391507948941449
0.57568359375,1.3078408296126374
0.576171875,1.9409881155472495
0.57666015625,1.1566994523893368
0.5771484375,0.68658938461664065
0.57763671875,1.2850548443050143
0.578125,-0.1125151546427911
0.57861328125,0.86151457184761537
0.5791015625,0.041164890165473866
0.57958984375,0.88654516617909729
0.580078125,0.54947210343019393
0.58056640625,-0.12364006067791278
0.5810546875,1.5427267854198834
0.58154296875,1.114636615090187
0.58203125,0.5203783317450712
0.58251953125,0.18997084109583856
0.5830078125,0.38967093334938596
0.58349609375,0.2898773220486589
0.583984375,0.59332878919340093
0.58447265625,0.30212896914726056
0.5849609375,0.48236496675993501
0.58544921875,-0.0048055477052578732
0.5859375,1.2801957163307844
0.58642578125,1.1049109254731393
0.5869140625,1.2204992293243064
0.58740234375,0.15543408690571672
0.587890625,0.44917993745816176
0.58837890625,0.5241884600911737
0.5888671875,-0.0087420933377980736
0.58935546875,-0.0018313166030510253
0.58984375,-0.22394952527576112
0.59033203125,-0.047347905426431525
0.5908203125,-0.2734821272863705
0.59130859375,-0.92018799800312223
0.591796875,0.13193593920547003
0.59228515625,-0.4852361020158471
0.5927734375,-0.12479065715597498
0.59326171875,-0.41712937025043995
0.59375,0.1037739883976887
0.59423828125,-0.2707581761793727
0.5947265625,-1.2147724679737468
0.59521484375,-0.68665854407172688
0.595703125,-0.78690105947633082
0.59619140625,-0.98955609108351961
0.5966796875,-1.4527630438495125
0.59716796875,-1.1303503679465914
0.59765625,-1.3183598890260697
0.59814453125,-1.2259601779695777
0.5986328125,-1.0690600321441395
0.59912109375,-2.7795362581959817
0.599609375,-1.9317927446116179
0.60009765625,-1.9900627875328019
0.6005859375,-1.0365764685846379
0.60107421875,-0.97042324683669556
0.6015625,-1.15562515081802
0.60205078125,-0.61306302349206321
0.6025390625,-0.81798157486903322
0.60302734375,-0.3105928870982807
0.603515625,-0.98472199648976644
0.60400390625,-0.91267611803656212
0.6044921875,0.55055683948878775
0.60498046875,-0.14187001335176028
0.60546875,-0.15546590987876174
0.60595703125,0.10496557173090404
0.6064453125,0.24662486819774221
0.60693359375,-0.31414181705553751
0.607421875,-0.079027039915020636
0.60791015625,0.96534264492936983
0.6083984375,0.49082703694821561
0.60888671875,0.51730753216099923
0.609375,-0.46630672791693639
0.60986328125,0.17803139203432317
0.6103515625,1.2656171723386391
0.61083984375,1.2197127903416858
0.611328125,0.78341711178718443
0.61181640625,1.5279688649738108
0.6123046875,1.3492913798959874
0.61279296875,0.15490950286641192
0.61328125,1.3359731594765585
0.61376953125,0.74767921797325254
0.6142578125,0.44110077428130545
0.61474609375,1.1298179633092631
0.615234375,1.4689721518732002
0.61572265625,0.83060575897393196
0.6162109375,0.82553915262715361
0.61669921875,0.9616653147477624
0.6171875,0.66096537210496908
0.61767578125,0.5926016320826043
0.6181640625,0.42166684680050565
0.61865234375,0.087756674820036573
0.619140625,1.1153459769594944
0.61962890625,0.90692481317155549
0.6201171875,0.73937405196766581
0.62060546875,0.49492645445771061
0.62109375,0.86560809083893564
0.62158203125,0.83022327382896788
0.6220703125,-0.44166250588100431
0.62255859375,1.055254973927473
0.623046875,0.22996409422063224
0.62353515625,0.080230315014298448
0.6240234375,0.76278156038913203
0.62451171875,0.65776159171985227
0.625,0.15246293071914907
0.62548828125,1.1220073148424781
0.6259765625,0.5229447915164489
0.62646484375,-0.18359340209423414
0.626953125,0.46309978854080691
0.62744140625,0.18844488084145661
0.6279296875,0.27693325725912071
0.62841796875,0.063922287066766142
0.62890625,0.51962926682760835
0.62939453125,0.43637999558429774
0.6298828125,-0.43333374374225969
0.63037109375,0.75761751980095349
0.630859375,0.029107190995928504
0.63134765625,-0.4336219951793871
0.6318359375,0.17628014861377911
0.63232421875,-0.70768651044843645
0.6328125,-0.53500144967614927
0.63330078125,-0.67694226148280356
0.6337890625,-0.11943263076786614
0.63427734375,0.2104062397391907
0.634765625,-1.0225011439798235
0.63525390625,-1.3396104059893541
0.6357421875,-1.1617645461033668
0.63623046875,-0.69774316108519652
0.63671875,-1.3670385710398985
0.63720703125,-1.299163856729783
0.6376953125,-1.7139528976996259
0.63818359375,-0.43338957782622733
0.638671875,-2.3107678232276814
0.63916015625,-1.4481272033579289
0.6396484375,-1.711169424740131
0.64013671875,-1.2415039642424774
0.640625,-0.59148057836264722
0.64111328125,-0.33189254713226291
0.6416015625,-1.8359074578114885
0.64208984375,-1.5157556499702336
0.642578125,-1.5214999046737976
0.64306640625,-1.6207617801875154
0.6435546875,-1.3203215393682721
0.64404296875,-1.3738032645351235
0.64453125,-1.29513903430829
0.64501953125,0.0092205642903946394
0.6455078125,-0.36161203294789168
0.64599609375,0.12777580333518296
0.646484375,0.015742835434987862
0.64697265625,-0.10266683074842121
0.6474609375,-0.17262799380464675
0.64794921875,0.69414875741805049
0.6484375,0.47393653420706389
0.64892578125,0.13940074054076002
0.6494140625,0.47804694633267236
0.64990234375,1.3468904304030098
0.650390625,-0.21922402409544639
0.65087890625,0.93223820006469871
0.6513671875,0.84708469434039702
0.65185546875,0.78920969808272945
0.65234375,0.19884304254111362
0.65283203125,0.92520333405325583
0.6533203125,1.0543065197093959
0.65380859375,1.3232847717767753
0.654296875,0.48647856338936979
0.65478515625,1.2443370057845371
0.6552734375,2.2582148482386319
0.65576171875,1.0163825035818885
0.65625,1.1389156585961875
0.65673828125,1.4159175023657162
0.6572265625,-0.10838418861066312
0.65771484375,1.2227950818058759
0.658203125,0.35283981928033331
0.65869140625,-0.50740940831211767
0.6591796875,0.36723245297527535
0.65966796875,0.43447357205079806
0.66015625,1.0219826995775181
0.66064453125,0.26771214497787094
0.6611328125,0.030522329572825746
0.66162109375,0.95024476179719941
0.662109375,0.54865028517286163
0.66259765625,0.70980710998728258
0.6630859375,1.1468215222624691
0.66357421875,0.15335864650582359
0.6640625,0.28098726682017089
0.66455078125,0.10544318226603761
0.6650390625,-0.021512032945548765
0.66552734375,0.30151108296320767
0.666015625,-0.11880857783104165
0.66650390625,-0.070982206649603974
0.6669921875,1.3253045549744693
0.66748046875,0.60767022009244287
0.66796875,1.0185740615649639
0.66845703125,0.37656008943554398
0.6689453125,0.82434368520417589
0.66943359375,-0.20922744885258437
0.669921875,0.47840901889079546
0.67041015625,-0.023145982614562022
0.6708984375,0.12405052511574635
0.67138671875,0.31043876123079056
0.671875,0.12210858249026976
0.67236328125,-1.4932548627964513
0.6728515625,-0.44929452316799418
0.67333984375,-0.0370494285554408
0.673828125,-0.75323267242105962
0.67431640625,-1.2730785836193967
0.6748046875,-0.7791641027017514
0.67529296875,-0.25682912574327849
0.67578125,-0.40487890118621567
0.67626953125,-0.40460303169334694
0.6767578125,-0.77477220699652904
0.67724609375,-1.1054839986984342
0.677734375,-2.1864708755747317
0.67822265625,-1.2497710556462762
0.6787109375,-0.86869129207233953
0.67919921875,-1.0742055056210524
0.6796875,-0.54406709768825123
0.68017578125,-1.2729860007187357
0.6806640625,-2.0026236481303661
0.68115234375,-2.372471318280851
0.681640625,-1.1807805200858832
0.68212890625,-0.8254780976580105
0.6826171875,-1.3565741335548362
0.68310546875,-0.3125524438966647
0.68359375,-0.742534855416915
0.68408203125,-1.1606818694937866
0.6845703125,-0.26112013290534991
0.68505859375,-0.0018070318444537437
0.685546875,-0.68883880510368245
0.68603515625,-0.43485746134549896
0.6865234375,-1.7269183298243937
0.68701171875,-0.33157787417525453
0.6875,0.051652022045205276
0.68798828125,-0.16278259449331559
0.6884765625,0.1627178742000551
0.68896484375,0.16284483473132566
0.689453125,-0.29506828322938056
0.68994140625,1.019971078760034
0.6904296875,0.89892440218152281
0.69091796875,1.0443233488207877
0.69140625,0.076212425921987625
0.69189453125,1.1640238054259386
0.6923828125,1.5658334948534554
0.69287109375,0.58630485271015886
0.693359375,1.6528522761949906
0.69384765625,0.51513944320920113
0.6943359375,1.766401374362196
0.69482421875,0.27987258787003516
0.6953125,0.6559882262915776
0.69580078125,0.93271490989613559
0.6962890625,1.1474863960407453
0.69677734375,-0.94670354221445141
0.697265625,1.4786982408962621
0.69775390625,0.47773323363534353
0.6982421875,0.81942704976283054
0.69873046875,2.0985367145637124
0.69921875,0.76712053461413754
0.69970703125,0.3888250447895929
0.7001953125,1.7538758183966143
0.70068359375,1.3016667784247753
0.701171875,0.87284947488310505
0.70166015625,1.4944242631400719
0.7021484375,0.90548928260364292
0.70263671875,1.0843647135107295
0.703125,0.54554357193254199
0.70361328125,0.97373444889457139
0.7041015625,0.7015394294774483
0.70458984375,-0.20439351617482548
0.705078125,1.8880231691032408
0.70556640625,0.54430650218454524
0.7060546875,0.079419342240789947
0.70654296875,0.68277555084549257
0.70703125,0.7924936610949036
0.70751953125,-0.033659533420289933
0.7080078125,0.17170438993928341
0.70849609375,0.2117376507052689
0.708984375,0.21997005744246378
0.70947265625,0.43636146601446368
0.7099609375,0.58496156215526185
0.71044921875,0.41277967536432403
0.7109375,0.24574315574438083
0.71142578125,0.42389046152508586
0.7119140625,0.036459407222423162
0.71240234375,-0.61510967829663021
0.712890625,-0.35544757123350068
0.71337890625,0.47106356200105337
0.7138671875,-0.69393696983300912
0.71435546875,-0.95351808162545582
0.71484375,0.10374958281305258
0.71533203125,-0.91689644839367124
0.7158203125,-0.83007062779485041
0.71630859375,-1.3363917230820552
0.716796875,-1.1547331283251951
0.71728515625,-1.5890832508532828
0.7177734375,-1.1359746123721866
0.71826171875,-0.85321869161644015
0.71875,-1.6172916885805164
0.71923828125,-0.95352141364449727
0.7197265625,-1.8511616657897187
0.72021484375,-0.71504403172755959
0.720703125,-0.82656383840152103
0.72119140625,-1.5459236952753197
0.7216796875,-1.2936097514762868
0.72216796875,-1.3412098688493743
0.72265625,-2.6005866590643278
0.72314453125,-1.7866267259461728
0.7236328125,-1.644761890406836
0.72412109375,-1.3055715862905619
0.724609375,-1.5623812962675827
0.72509765625,-1.1593945587777157
0.7255859375,-0.69667465767361159
0.72607421875,-0.6388728869869067
0.7265625,-0.71747214585015362
0.72705078125,0.52638256619499624
0.7275390625,0.061081491523261658
0.72802734375,-0.37566326830512475
0.728515625,-0.34114744770533145
0.72900390625,0.53068451285569429
0.7294921875,-0.34870357725043366
0.72998046875,-0.14167451302614281
0.73046875,0.65120028990974876
0.73095703125,0.48750634011436622
0.7314453125,-0.37080008412816146
0.73193359375,1.9131602960075886
0.732421875,0.72709535852223595
0.73291015625,0.12598068831816611
0.7333984375,0.70741790227535151
0.73388671875,1.1005504159132531
0.734375,0.96250751941342982
0.73486328125,0.64913251896630531
0.7353515625,1.5740001335313556
0.73583984375,0.44641112639271652
0.736328125,0.45499597300819783
0.73681640625,0.32177336103670728
0.7373046875,1.2436395377802265
0.73779296875,1.13478066330546
0.73828125,0.31273561949461781
0.73876953125,0.69233360655990239
0.7392578125,0.76459831190221239
0.73974609375,0.20015850936407026
0.740234375,0.15570282642329286
0.74072265625,1.1827148837484884
0.7412109375,0.085230779669369205
0.74169921875,0.93130143060132276
0.7421875,0.70645527424272203
0.74267578125,1.1150757597154661
0.7431640625,0.47747855119000154
0.74365234375,0.34290197541691614
0.744140625,-0.14147821863037224
0.74462890625,0.59376746695682003
0.7451171875,0.68979908341732021
0.74560546875,-0.31079663079406672
0.74609375,0.44644354344132475
0.74658203125,0.28610765042222941
0.7470703125,-1.3493496850326994
0.74755859375,-0.02164643522253118
0.748046875,0.23306339854874242
0.74853515625,-0.25329190958538939
0.7490234375,0.90472826147825847
0.74951171875,0.2502918917712636
0.75,0.27091108240464112
0.75048828125,1.2670467208946157
0.7509765625,0.10072824702206423
0.75146484375,1.0323952404871848
0.751953125,0.1174934107878307
0.75244140625,-0.15566595723197479
0.7529296875,0.42416431570703939
0.75341796875,-1.3302198145965196
0.75390625,-0.8488828109063582
0.75439453125,-1.057532806907254
0.7548828125,-0.90744599201096332
0.75537109375,-1.641698225186885
0.755859375,-1.0631026956379077
0.75634765625,-0.93725707728346142
0.7568359375,-0.63719344333616024
0.75732421875,0.2297170216850829
0.7578125,-1.8794825859186872
0.75830078125,-1.4920287820969698
0.7587890625,-0.96412983351792381
0.75927734375,-0.61963054009785956
0.759765625,-1.3405900148334902
0.76025390625,-2.0460970014341533
0.7607421875,-1.1339532442819771
0.76123046875,-1.8060627087033552
0.76171875,-1.2900260952364264
0.76220703125,-1.086334427128383
0.7626953125,-1.2742066332177078
0.76318359375,-1.0013569334184858
0.763671875,-1.5060794912517252
0.76416015625,-0.49555988773253951
0.7646484375,-1.3602539796221089
0.76513671875,-0.74099789694438556
0.765625,-0.2636180595154739
0.76611328125,-1.069083541432188
0.7666015625,-0.66352150909930874
0.76708984375,-0.37599274934370464
0.767578125,-0.76931967504272714
0.76806640625,-0.22203903596304991
0.7685546875,-0.29493246903499803
0.76904296875,-0.92047667561904378
0.76953125,-0.2397757189927523
0.77001953125,0.023238787679500994
0.7705078125,0.88427838093115785
0.77099609375,0.13165334127964684
0.771484375,1.1946181929676318
0.77197265625,1.0346636823397417
0.7724609375,0.67123064388027787
0.77294921875,1.2270094130754279
0.7734375,0.1798521471678044
0.77392578125,0.85387854341738023
0.7744140625,0.6899452413103514
0.77490234375,0.39022842104800443
0.775390625,0.80206353996716573
0.77587890625,1.3683821259624289
0.7763671875,1.0437761861602461
0.77685546875,0.21591944077277769
0.77734375,1.1766388989908931
0.77783203125,1.2868627256028502
0.7783203125,0.67482373029996823
0.77880859375,-0.1743469993352571
0.779296875,0.95407773318667866
0.77978515625,0.74962896390879263
0.7802734375,1.0849294896259303
0.78076171875,1.8094669859037611
0.78125,-0.26618513894958851
0.78173828125,0.1400131901546815
0.7822265625,0.10790636635793277
0.78271484375,-0.63505457686144728
0.783203125,0.27193767759690674
0.78369140625,-0.14678349319829204
0.7841796875,1.0983357300797565
0.78466796875,0.99361740472106408
0.78515625,1.0674155417113822
0.78564453125,0.67698796471446332
0.7861328125,0.59171437238526414
0.78662109375,0.97855305110704127
0.787109375,1.5111675447195312
0.78759765625,1.1356923526008362
0.7880859375,0.51901537764032402
0.78857421875,0.56657562887598245
0.7890625,-0.49656865357664098
0.78955078125,0.23548768124581992
0.7900390625,-0.85780994413138845
0.79052734375,0.10795882931440776
0.791015625,0.024571688575546813
0.79150390625,0.5137739594261086
0.7919921875,0.891280836642389
0.79248046875,0.12001453184445342
0.79296875,-0.43338916153414286
0.79345703125,-0.27754324277151765
0.7939453125,-0.64173217758593259
0.79443359375,-1.1381536894402613
0.794921875,-1.2993574880738803
0.79541015625,-0.72635879817277438
0.7958984375,-1.201888010235298
0.79638671875,-0.3400074042808553
0.796875,-0.52608583438511314
0.79736328125,-1.3662286220398951
0.7978515625,-0.86692030860698965
0.79833984375,-0.95049514953635028
0.798828125,-1.1203683232552497
0.79931640625,-1.3761570040768218
0.7998046875,-0.27866582475054547
0.80029296875,-0.20499168814912072
0.80078125,-0.64538816014112532
0.80126953125,-1.1904933668557764
0.8017578125,-0.81376814287754273
0.80224609375,-0.31486517631765865
0.802734375,-1.8247716262798299
0.80322265625,-1.4636034183538844
0.8037109375,-1.3250774614873624
0.80419921875,-1.4032305383589549
0.8046875,-0.62070775881958395
0.80517578125,-0.44103265190151841
0.8056640625,-0.5916608308343545
0.80615234375,-0.9173763000115982
0.806640625,-0.9714844652961554
0.80712890625,-0.85642432564309223
0.8076171875,0.29746409878266544
0.80810546875,1.027922408433243
0.80859375,0.2939613178295033
0.80908203125,0.42514478471162398
0.8095703125,0.09229463108686542
0.81005859375,0.0040420315209596797
0.810546875,-0.11304773876831256
0.81103515625,0.34736295039556569
0.8115234375,0.56498842066715083
0.81201171875,1.2300535408843245
0.8125,0.82517195218199535
0.81298828125,0.67356256532330527
0.8134765625,0.1502897968133482
0.81396484375,1.9091797643708315
0.814453125,1.4762347936612965
0.81494140625,0.73133766392216182
0.8154296875,1.4810710081932088
0.81591796875,1.6393735090316279
0.81640625,1.6924188071693274
0.81689453125,1.1887648113443678
0.8173828125,1.5590407964988042
0.81787109375,1.0920738207874561
0.818359375,0.54896847898669321
0.81884765625,0.86571279504488818
0.8193359375,1.1523936910748274
0.81982421875,0.70331147879212286
0.8203125,0.93121008956050066
0.82080078125,0.50513454922336298
0.8212890625,0.48313199141562224
0.82177734375,-0.098086464682543228
0.822265625,0.70849547579278094
0.82275390625,0.82088430673090329
0.8232421875,0.85063081383437167
0.82373046875,1.0109699075569722
0.82421875,-0.94401777540774023
0.82470703125,0.09596565824231007
0.8251953125,1.237646868769394
0.82568359375,-0.59825133159321342
0.826171875,0.67906601163780778
0.82666015625,0.45471117896432034
0.8271484375,-0.35545879802446811
0.82763671875,-0.31919765923059107
0.828125,1.091425569787936
0.82861328125,0.0022917863716631626
0.8291015625,1.6128033117105864
0.82958984375,0.80999148666690157
0.830078125,1.107307833055915
0.83056640625,-0.066885019392331324
0.8310546875,0.27948833658240679
0.83154296875,0.61087737741471337
0.83203125,1.0042501356462952
0.83251953125,-0.65046271827219726
0.8330078125,-0.12120318302643843
0.83349609375,0.024903978786452813
0.833984375,-0.22784557950067505
0.83447265625,0.92180135488977144
0.8349609375,-1.2145295668382774
0.83544921875,-0.065606990725260161
0.8359375,-1.4939971730159489
0.83642578125,-0.21114586124217211
0.8369140625,-1.2366302126196964
0.83740234375,-0.34960647822703672
0.837890625,-0.3389095156493811
0.83837890625,0.18716383108263701
0.8388671875,-0.84013547181307546
0.83935546875,-1.13169529950312
0.83984375,-1.6246206710375777
0.84033203125,-2.2353173600098675
0.8408203125,-1.5960402234083639
0.84130859375,-1.36823545159875
0.841796875,-1.2927713106886918
0.84228515625,-0.92278984167545086
0.8427734375,-1.6494263150561848
0.84326171875,-1.9146942086033409
0.84375,-0.69839272479366743
0.84423828125,-1.9606352075826325
0.8447265625,-1.7496291180188348
0.84521484375,-0.91195969482029093
0.845703125,-0.45979411555750394
0.84619140625,-0.19658930958774956
0.8466796875,-0.2577925015969813
0.84716796875,-0.44107276495193076
0.84765625,-0.89487790293378455
0.84814453125,-0.45234971761218346
0.8486328125,-0.7693616132701635
0.84912109375,-1.163102780970743
0.849609375,-0.42038859602755491
0.85009765625,0.58737135680079933
0.8505859375,0.446870820317121
0.85107421875,0.4263856066468022
0.8515625,0.6891942640170361
0.85205078125,1.4112630111078626
0.8525390625,1.2937482613351676
0.85302734375,0.31713735713105723
0.853515625,1.2031361803421128
0.85400390625,1.1885783757762391
0.8544921875,0.65078104099779921
0.85498046875,0.65704140994507143
0.85546875,1.4460009375468097
0.85595703125,0.26565660944070257
0.8564453125,1.3563680793356672
0.85693359375,0.88800673972556321
0.857421875,1.3079501824404276
0.85791015625,0.52975050516386979
0.8583984375,0.85191377759445719
0.85888671875,0.84858762075941707
0.859375,0.78710333549163569
0.85986328125,0.41200847069656577
0.8603515625,0.943982083242078
0.86083984375,0.49067713272500912
0.861328125,0.55981899523952894
0.86181640625,1.0060008947316808
0.8623046875,-0.29707040636469939
0.86279296875,0.72523728744222593
0.86328125,-0.0065418848622487702
0.86376953125,0.70820728815783607
0.8642578125,0.88571155620546516
0.86474609375,0.8024990480352614
0.865234375,0.71851634965742006
0.86572265625,0.78028486953604415
0.8662109375,1.3008301475155177
0.86669921875,0.21253469755625437
0.8671875,0.14528724066124354
0.86767578125,0.80029186105085914
0.8681640625,-0.23414061218910021
0.86865234375,0.72081242912786947
0.869140625,0.53018757320240617
0.86962890625,0.15285091058231279
0.8701171875,0.1487141888423229
0.87060546875,0.50798565127025697
0.87109375,0.35877274907845347
0.87158203125,-0.85928561875501475
0.8720703125,0.55820505725471403
0.87255859375,0.57663338987318657
0.873046875,-0.10650533261427508
0.87353515625,0.82008271837457758
0.8740234375,-0.019653951398092562
0.87451171875,0.26654762172005808
0.875,0.41073271414853252
0.87548828125,0.013088770304515607
0.8759765625,0.31109698392094304
0.87646484375,0.009245803008473108
0.876953125,-1.4617788994332526
0.87744140625,-1.5416536494893998
0.8779296875,-0.33993358540478036
0.87841796875,0.30206306250147708
0.87890625,-0.15009647359884115
0.87939453125,-0.61415402861037593
0.8798828125,-1.4090548765380488
0.88037109375,-0.98226947065004966
0.880859375,-1.1811209269619973
0.88134765625,-0.21386867955067801
0.8818359375,-1.3327987627667515
0.88232421875,-1.5373649627541104
0.8828125,-1.4113531467086635
0.88330078125,-1.8190386809528367
0.8837890625,-3.1543525030982833
0.88427734375,-0.73750256416255355
0.884765625,-1.3516927957951115
0.88525390625,-1.4957349643568572
0.8857421875,-1.0451080301477942
0.88623046875,-0.81009372097038002
0.88671875,-1.2106780177037533
0.88720703125,-0.95173216883377598
0.8876953125,-0.73227496855560414
0.88818359375,-0.65259657846084651
0.888671875,-0.5512719754828862
0.88916015625,-1.167274430945294
0.8896484375,-0.71505293292685368
0.89013671875,0.541637937414163
0.890625,0.35232902085021156
0.89111328125,0.1428760209652179
0.8916015625,0.67874427545457572
0.89208984375,0.54834902104018601
0.892578125,0.0044175393725158218
0.89306640625,0.84408177563233155
0.8935546875,0.48664810686204762
0.89404296875,0.27369524618500729
0.89453125,0.59324704087009605
0.89501953125,0.79549923651557375
0.8955078125,0.66808516426804321
0.89599609375,0.72298823349035435
0.896484375,0.79776557726062702
0.89697265625,1.376035040090053
0.8974609375,1.3071279863090288
0.89794921875,1.324040385240036
0.8984375,0.60922475709285173
0.89892578125,1.0130621234103234
0.8994140625,0.89115026321145352
0.89990234375,0.051773130686001645
0.900390625,0.77253157570333242
0.90087890625,1.2247577588507774
0.9013671875,-0.29417482260827899
0.90185546875,0.39908767183283833
0.90234375,1.2234890676770134
0.90283203125,1.2420962027955671
0.9033203125,0.94313417426830237
0.90380859375,1.1274737130146515
0.904296875,0.44635666049378209
0.90478515625,0.33748687372440012
0.9052734375,0.55099212517858376
0.90576171875,0.69419258825318053
0.90625,0.56846928568946897
0.90673828125,0.15596623717624997
0.9072265625,0.81355524032481741
0.90771484375,0.46229880218310621
0.908203125,-0.35116081258264648
0.90869140625,0.30726468094963144
0.9091796875,1.0334496521330017
0.90966796875,-0.4225855920189574
0.91015625,0.61278539265263632
0.91064453125,0.5425152732868902
0.9111328125,-0.28596433863223769
0.91162109375,1.3910550487172499
0.912109375,1.1304405074456203
0.91259765625,-0.42319892720145164
0.9130859375,0.27248107484538764
0.91357421875,-0.36956036320559238
0.9140625,-0.65365888634859537
0.91455078125,-0.18414447182811333
0.9150390625,-0.70156574568175301
0.91552734375,-0.13600931824419388
0.916015625,-0.58219713312888477
0.91650390625,-0.51093353782249407
0.9169921875,-0.91630264984533671
0.91748046875,-0.89440769751770721
0.91796875,-0.34921171301592913
0.91845703125,-0.62408687199750867
0.9189453125,-0.22864243725623612
0.91943359375,-0.70279545817985922
0.919921875,-1.5926962013475019
0.92041015625,-1.7088675507219002
0.9208984375,-1.2444084663750732
0.92138671875,-1.4795188698000663
0.921875,-1.9180653490256048
0.92236328125,-1.3094146104801361
0.9228515625,-1.4696359872186537
0.92333984375,-1.5502085388809206
0.923828125,-1.4553570455556466
0.92431640625,-0.8309728382374848
0.9248046875,-0.26847102435928194
0.92529296875,0.22881696021645537
0.92578125,-0.63313913187494364
0.92626953125,-0.7875965315244392
0.9267578125,-1.6110448968106024
0.92724609375,-1.7825897125737296
0.927734375,0.21832159352354696
0.92822265625,-2.0085597456254125
0.9287109375,-0.63798987682391251
0.92919921875,-0.5047253455769477
0.9296875,-0.23372029429239319
0.93017578125,0.47619531503928447
0.9306640625,-0.59235744597189122
0.93115234375,-0.40525812091216057
0.931640625,0.034322205427232522
0.93212890625,0.36419752037328834
0.9326171875,1.5140880374535652
0.93310546875,-0.26305808139237219
0.93359375,0.867973076386932
0.93408203125,1.0549220231381709
0.9345703125,0.42451885961426461
0.93505859375,0.95965638616527105
0.935546875,1.4705779079446581
0.93603515625,0.93624551642277576
0.9365234375,0.47724090065210961
0.93701171875,1.412811697783608
0.9375,0.99036835889288599
0.93798828125,0.77345553962010893
0.9384765625,1.2071958729965611
0.93896484375,1.1693521101911215
0.939453125,1.0267073426480569
0.93994140625,-0.028789513242199583
0.9404296875,0.7702340124352467
0.94091796875,0.016402959271013318
0.94140625,1.4052256408756467
0.94189453125,0.065491967321048228
0.9423828125,0.34316289315724535
0.94287109375,-0.16810420894696587
0.943359375,1.0793098973733704
0.94384765625,0.40434866928095403
0.9443359375,1.0434013490728655
0.94482421875,0.87460430899225294
0.9453125,0.94660502387675949
0.94580078125,1.4542967632062838
0.9462890625,1.3680485064649912
0.94677734375,1.0816460980375973
0.947265625,-0.13512615744295409
0.94775390625,0.92135014934000592
0.9482421875,0.5033101765794793
0.94873046875,0.38098047742951668
0.94921875,1.0313103838078252
0.94970703125,0.10785202328664223
0.9501953125,0.057711581754857577
0.95068359375,0.55230974740332495
0.951171875,0.72640139752680721
0.95166015625,0.13441316252273394
0.9521484375,0.55860924980051352
0.95263671875,0.82699103060431833
0.953125,1.3323027321615082
0.95361328125,0.50238250511661819
0.9541015625,0.17668638582145113
0.95458984375,-0.53705657610791058
0.955078125,0.39755432369631299
0.95556640625,-0.59225920996253267
0.9560546875,-0.5320557340379749
0.95654296875,-0.31273210897536574
0.95703125,-0.84753237978273255
0.95751953125,-1.3697757153902539
0.9580078125,-0.83424983068338165
0.95849609375,-0.91189230622858508
0.958984375,0.2232273808527776
0.95947265625,-1.5508575542306735
0.9599609375,-0.26414003913874284
0.96044921875,-0.83312677231897925
0.9609375,-1.2638895704714102
0.96142578125,-0.33355775188360393
0.9619140625,-0.8970484120375295
0.96240234375,-1.7777464053988328
0.962890625,-1.3819746371704533
0.96337890625,-1.9036486018129173
0.9638671875,-1.1126341907298329
0.96435546875,-1.2102807494094097
0.96484375,-1.4088515373027104
0.96533203125,-1.0487507520830448
0.9658203125,-1.7271050622738622
0.96630859375,-1.7829084446850922
0.966796875,-0.65346135566030317
0.96728515625,-0.24528283568382003
0.9677734375,-0.41252039002261026
0.96826171875,-0.058864273609771867
0.96875,0.011812301234167211
0.96923828125,-0.4620897181250348
0.9697265625,-0.43054957058714327
0.97021484375,-0.42138688975935434
0.970703125,0.29412302014814079
0.97119140625,0.5766802949525347
0.9716796875,-0.56748446436217903
0.97216796875,-0.86203550651512373
0.97265625,-0.19279187407830875
0.97314453125,-0.33300013174725573
0.9736328125,0.30823884091148779
0.97412109375,0.85193391661548679
0.974609375,1.2190957855314679
0.97509765625,0.031434051461125323
0.9755859375,0.78836584375564933
0.97607421875,1.534035288646743
0.9765625,1.2507322301718995
0.97705078125,0.79675412090296616
0.9775390625,1.7517349424691768
0.97802734375,0.53018515820371126
0.978515625,1.1088457392609632
0.97900390625,1.5403561972562441
0.9794921875,1.5742322441252299
0.97998046875,0.73292258922028597
0.98046875,0.70224457471119883
0.98095703125,0.75891667990777467
0.9814453125,1.6249338541719807
0.98193359375,0.62922262284368435
0.982421875,0.94037718107231916
0.98291015625,1.4034772067444585
0.9833984375,0.36858715718757479
0.98388671875,0.76822257428141594
0.984375,1.0992698939886285
0.98486328125,1.1259841579989467
0.9853515625,0.86295060757681386
0.98583984375,-0.2006623514187395
0.986328125,0.98086352853434966
0.98681640625,0.24680686737805424
0.9873046875,0.59422791040304923
0.98779296875,1.3119647423264709
0.98828125,0.1119226619836044
0.98876953125,0.87696013728142819
0.9892578125,1.314612721349441
0.98974609375,-0.28463525936044587
0.990234375,0.51950250594630476
0.99072265625,0.73169223236763792
0.9912109375,0.52725624374802937
0.99169921875,0.15969967482196118
0.9921875,-0.20973601072157178
0.99267578125,-0.064553235754277183
0.9931640625,0.36244174090248865
0.99365234375,0.22927986119770782
0.994140625,0.50664157263149756
0.99462890625,-0.0018514073551327143
0.9951171875,-0.51439025772168856
0.99560546875,0.7664084685593473
0.99609375,-0.70204583278738864
0.99658203125,0.21187639339517444
0.9970703125,-0.72918247067329001
0.99755859375,0.48881946021234213
0.998046875,0.14576223170173896
0.99853515625,-0.17462697873745892
0.9990234375,-0.14177683009736186
0.99951171875,-1.8432043540232237
1,-0.89244020252067746
1.00048828125,-1.2622717616133843
1.0009765625,-0.89253602640503871
1.00146484375,-1.6635942581450733
1.001953125,-0.64773277169835775
1.00244140625,-1.6115115702064255
1.0029296875,-1.1221081679520624
1.00341796875,-1.658081026851139
1.00390625,-1.4388450655371754
1.00439453125,-1.4087307648178777
1.0048828125,-2.272595880179662
1.00537109375,-0.87887730449013879
1.005859375,-1.4570788374789179
1.00634765625,-1.2069150080716691
1.0068359375,-1.5774273827946299
1.00732421875,-1.441839140521741
1.0078125,-1.073634780916265
1.00830078125,-1.1778203508358747
1.0087890625,0.11762225660266101
1.00927734375,-1.3320464950492972
1.009765625,-0.62627127699171825
1.01025390625,-1.0029411895981348
1.0107421875,-0.55272170652824681
1.01123046875,-0.76055662612551644
1.01171875,0.19343159101359042
1.01220703125,-0.13745782702410517
1.0126953125,1.0445355185858949
1.01318359375,0.60859943527229887
1.013671875,0.92246998985305906
1.01416015625,1.0203876585175871
1.0146484375,0.48845008831132058
1.01513671875,1.1028720077331924
1.015625,0.3487659041109249
1.01611328125,-0.017278857038114492
1.0166015625,-0.077649723186960173
1.01708984375,0.51828442479451331
1.017578125,0.61034833330471017
1.01806640625,2.2241357064214711
1.0185546875,1.1308887853183263
1.01904296875,0.78989921274433494
1.01953125,-0.1625185021427431
1.02001953125,1.0318380379607848
1.0205078125,1.5950152810711422
1.02099609375,-0.37128978303111171
1.021484375,-0.31656801894430564
1.02197265625,1.0688651597377523
1.0224609375,0.035617286371380508
1.02294921875,0.070201687728423501
1.0234375,0.1857343090658114
1.02392578125,0.39867408137409704
1.0244140625,0.035418222348776007
1.02490234375,0.20506079669559335
1.025390625,0.22977195513534099
1.02587890625,1.2080660675339647
1.0263671875,-0.16281392317238019
1.02685546875,0.42449564901180536
1.02734375,1.3733804866612296
1.02783203125,1.1875056983341228
1.0283203125,0.1513606752798024
1.02880859375,0.30990615487400919
1.029296875,0.72351228273697998
1.02978515625,1.0954046225562177
1.0302734375,0.3063227087082564
1.03076171875,0.64850006340342692
1.03125,0.080514056192148686
1.03173828125,0.62101371600922217
1.0322265625,0.56021467178910589
1.03271484375,-0.12683107022740825
1.033203125,1.1561053271286141
1.03369140625,0.50400588155083126
1.0341796875,-0.60325649820274863
1.03466796875,0.23783660419484012
1.03515625,0.31336425845369065
1.03564453125,1.033079874694071
1.0361328125,-0.89200561017882607
1.03662109375,-0.170681222244354
1.037109375,-0.073921326450330838
1.03759765625,-0.54967297823461791
1.0380859375,-0.41713351700696183
1.03857421875,-0.28230682474638025
1.0390625,-0.90694193796493972
1.03955078125,-0.24269214293491514
1.0400390625,-0.33595415400650097
1.04052734375,-1.3229081870516466
1.041015625,-0.39987649965634453
1.04150390625,-0.68332415699603088
1.0419921875,-1.1183330594703984
1.04248046875,-2.0125147684671867
1.04296875,-1.3044126199673762
1.04345703125,-2.4997623579742734
1.0439453125,-1.8587772198804073
1.04443359375,-1.2538454104815699
1.044921875,-1.0156142682097447
1.04541015625,-0.77355843212742414
1.0458984375,-2.0456172141639164
1.04638671875,-1.3102358848666835
1.046875,-1.5639290692552743
1.04736328125,-1.753182179969405
1.0478515625,-1.0947756363303005
1.04833984375,-1.6933067021889889
1.048828125,-1.4898571229689992
1.04931640625,-1.0212005107139006
1.0498046875,-0.97418137629383739
1.05029296875,-0.10004136088794413
1.05078125,-0.24822088004975307
1.05126953125,-0.92039741806049435
1.0517578125,-0.93693722076060215
1.05224609375,-0.21070400077285803
1.052734375,0.015732567822209678
1.05322265625,-0.35449279203743145
1.0537109375,0.34055864664810243
1.05419921875,1.552149548410001
1.0546875,0.23467949009077776
1.05517578125,1.5484851624892531
1.0556640625,0.82825206940812934
1.05615234375,0.88371414651700375
1.056640625,0.21095332033901659
1.05712890625,0.13467424565881236
1.0576171875,1.3263402525002062
1.05810546875,0.27715806730751258
1.05859375,0.47746345915785504
1.05908203125,1.6850260355738453
1.0595703125,1.1229995623401734
1.06005859375,0.1756656548560761
1.060546875,0.14912191711497513
1.06103515625,0.75078953446827634
1.0615234375,0.8278801563932322
1.06201171875,0.95762801297436539
1.0625,0.55232617800651107
1.06298828125,0.62095385158956429
1.0634765625,0.6897308081632274
1.06396484375,1.0456842571509399
1.064453125,0.81477512159782073
1.06494140625,1.9249101539420057
1.0654296875,0.022614424801140232
1.06591796875,0.61254434471867025
1.06640625,0.80918965404424004
1.06689453125,1.2142217215278843
1.0673828125,0.35151028867247758
1.06787109375,0.40940322746556129
1.068359375,0.9561549755242702
1.06884765625,1.2312006068763939
1.0693359375,0.56735361453245414
1.06982421875,0.67382849747574336
1.0703125,0.84166405228430352
1.07080078125,0.08425811359591806
1.0712890625,-0.53438093168276757
1.07177734375,-0.3987828891231483
1.072265625,0.79054863265935338
1.07275390625,0.68374388282829335
1.0732421875,-0.029385168556510022
1.07373046875,0.74521294111604497
1.07421875,0.41557300874882741
1.07470703125,0.59433940025528753
1.0751953125,-0.10354381078168118
1.07568359375,0.78843454972284333
1.076171875,0.076985315686645017
1.07666015625,-0.18547683533292836
1.0771484375,0.56878781685694624
1.07763671875,0.28468446984048756
1.078125,0.13369046533166989
1.07861328125,0.43326516160545747
1.0791015625,0.12384590392116385
1.07958984375,-0.11836507116593542
1.080078125,-0.34202505101409858
1.08056640625,-0.1016361097633548
1.0810546875,-1.4153526440109496
1.08154296875,-2.0796167116781632
1.08203125,-1.5799794853651261
1.08251953125,-1.1747661202586788
1.0830078125,-0.73381604547694779
1.08349609375,-0.71402326933124471
1.083984375,-0.78331065798361443
1.08447265625,-1.7149807724770139
1.0849609375,-1.3343930248444327
1.08544921875,-1.5126527811000141
1.0859375,-0.71085478592397267
1.08642578125,-1.1112919342569616
1.0869140625,-1.032093803115409
1.08740234375,-1.2249766594466742
1.087890625,-0.75590248116045133
1.08837890625,-2.0157511142918372
1.0888671875,-1.4874320078761001
1.08935546875,-1.411711548614432
1.08984375,-1.2130400622991291
1.09033203125,-1.3003784081872145
1.0908203125,-0.24358253351196357
1.09130859375,-0.48058169965593739
1.091796875,-0.51273918662875684
1.09228515625,0.13836638474304089
1.0927734375,0.20025402307826035
1.09326171875,0.68685371633843684
1.09375,-0.16507555528319137
1.09423828125,0.61910735993375776
1.0947265625,0.38601182283644497
1.09521484375,0.49755462666862532
1.095703125,0.38832769470933781
1.09619140625,0.5829631665544901
1.0966796875,0.28501400465284377
1.09716796875,1.0597704289238248
1.09765625,1.2249575148190022
1.09814453125,0.44465273528192328
1.0986328125,1.1130526859393755
1.09912109375,0.81718100286713657
1.099609375,0.55351038867259161
1.10009765625,0.73313347524120043
1.1005859375,0.88506174220882639
1.10107421875,0.069846937761959382
1.1015625,1.3429911812578919
1.10205078125,0.51097325396677307
1.1025390625,1.4489175815573829
1.10302734375,0.61008609205707909
1.103515625,0.12769315936208814
1.10400390625,-0.47984763617561366
1.1044921875,0.76597036051958911
1.10498046875,0.37317556026337378
1.10546875,0.30196518779511944
1.10595703125,0.81298015542175894
1.1064453125,0.22296624401625204
1.10693359375,0.1833840304171378
1.107421875,0.59311679071873191
1.10791015625,-0.21901488634341093
1.1083984375,-0.11219970284881819
1.10888671875,0.98468709519175956
1.109375,-0.25356387297194483
1.10986328125,-0.2103437614326944
1.1103515625,0.21476052239874116
1.11083984375,0.43877425721346536
1.111328125,-0.50361144353683118
1.11181640625,0.40296925239149217
1.1123046875,0.69237084712402641
1.11279296875,0.25193267439697231
1.11328125,-0.057119209013587469
1.11376953125,0.96876196568283546
1.1142578125,-0.039878093933125469
1.11474609375,-0.15286429019032355
1.115234375,0.79786870071112903
1.11572265625,-0.80990243638802772
1.1162109375,-0.81088291808824053
1.11669921875,-0.94965684923509452
1.1171875,-0.61110691300494657
1.11767578125,-0.44192434268829117
1.1181640625,-0.0077290904441216501
1.11865234375,-0.43524354358533612
1.119140625,0.064386339103033152
1.11962890625,-1.143774089162332
1.1201171875,0.57803621870138855
1.12060546875,-0.041211515663572507
1.12109375,-0.34642664935506495
1.12158203125,-0.27636008140283552
1.1220703125,-0.062906924706282563
1.12255859375,-1.6245973761894881
1.123046875,-0.94448678042850365
1.12353515625,-0.94270335707062092
1.1240234375,-2.0843001577678035
1.12451171875,-0.37127603753085991
1.125,-1.1720783994273896
1.12548828125,-1.6072622301643618
1.1259765625,-1.63418742010409
1.12646484375,-1.4897588924410106
1.126953125,-0.68194711453653067
1.12744140625,-0.076131074457324921
1.1279296875,-0.93247722134834565
1.12841796875,-0.84747065161257451
1.12890625,-1.0243567089997787
1.12939453125,-0.3486480814194074
1.1298828125,-0.76550200464050777
1.13037109375,-2.022279796868343
1.130859375,-1.0895430236779819
1.13134765625,-0.99532860164153447
1.1318359375,-1.1951953706740066
1.13232421875,-0.87814208139996386
1.1328125,0.077528877492582193
1.13330078125,-0.14113817762730543
1.1337890625,0.17010901958744717
1.13427734375,0.51319914410536338
1.134765625,0.23432077032990639
1.13525390625,0.80448096022703508
1.1357421875,0.44148139382369267
1.13623046875,0.75068625046596327
1.13671875,1.234622138771807
1.13720703125,0.74282246026352172
1.1376953125,0.94771834306969449
1.13818359375,0.19940137404976011
1.138671875,0.57273248484469919
1.13916015625,1.0988224223415413
1.1396484375,0.48937966612599676
1.14013671875,0.80563684182040018
1.140625,0.92999109331408725
1.14111328125,1.2724926567457491
1.1416015625,1.517434912191076
1.14208984375,1.7463748948362032
1.142578125,-0.21216166982618256
1.14306640625,1.757256021668786
1.1435546875,1.3938231023806538
1.14404296875,-0.0063239123267637698
1.14453125,0.9450861329982827
1.14501953125,0.24800977833273802
1.1455078125,-0.17110165780868036
1.14599609375,1.0765923507655246
1.146484375,0.54606248744118602
1.14697265625,0.21812518373339662
1.1474609375,0.70555141323365045
1.14794921875,0.86987454091132965
1.1484375,1.3281177456221671
1.14892578125,0.48382967129885768
1.1494140625,0.92973114876419571
1.14990234375,1.588390315931608
1.150390625,0.48502778886286846
1.15087890625,0.52053544987406675
1.1513671875,0.73011799193652238
1.15185546875,0.55184249437413857
1.15234375,0.43020824530230395
1.15283203125,0.48428752229048999
1.1533203125,0.345734023431157
1.15380859375,0.90933349052585677
1.154296875,0.10362664861712928
1.15478515625,0.80394243040205104
1.1552734375,-0.40923497508652745
1.15576171875,0.26643149033129976
1.15625,0.51180347633110412
1.15673828125,0.50250950063681621
1.1572265625,0.062465446017224258
1.15771484375,0.41880395898052258
1.158203125,0.15930452593377736
1.15869140625,0.13646229039763572
1.1591796875,0.23565636374682375
1.15966796875,-0.45508569935584742
1.16015625,-1.163935661747473
1.16064453125,-0.8788754109738186
1.1611328125,-1.4612998151058907
1.16162109375,-0.68051807608460801
1.162109375,-0.24291275069166307
1.16259765625,-1.1486991853387509
1.1630859375,-0.78066298490353248
1.16357421875,-0.45379916153076449
1.1640625,-1.0721250396238839
1.16455078125,-1.6697879560276823
1.1650390625,-0.61462546893621972
1.16552734375,-1.472409234630226
1.166015625,-1.0298339647465238
1.16650390625,-0.9452253383693725
1.1669921875,-0.87249595550864401
1.16748046875,-1.5044904903268026
1.16796875,-0.61467261907601878
1.16845703125,-0.91801869762529253
1.1689453125,-1.7473106623243511
1.16943359375,-0.5393300526781023
1.169921875,-1.4181891558267936
1.17041015625,-0.62486087259335021
1.1708984375,-0.92090006132754887
1.17138671875,-0.53093557535053582
1.171875,1.2294709861989415
1.17236328125,-0.28626351827088731
1.1728515625,-0.63545130052737187
1.17333984375,-0.60664349385501237
1.173828125,-0.4386145165542204
1.17431640625,-0.15795408204682551
1.1748046875,0.44177257575118095
1.17529296875,0.22186399685814145
1.17578125,-0.56279963184148574
1.17626953125,1.075197715062437
1.1767578125,-0.31060145974054887
1.17724609375,-0.32749709856669151
1.177734375,1.0678624728754391
1.17822265625,1.7748567179841301
1.1787109375,1.1230050021788656
1.17919921875,0.1429537783580197
1.1796875,1.6700925946554452
1.18017578125,0.62834782036579451
1.1806640625,1.523500910175783
1.18115234375,1.7425017428266596
1.181640625,1.4619481810395127
1.18212890625,1.4886337148802573
1.1826171875,0.62226433355039523
1.18310546875,0.97560212820963055
1.18359375,0.81782919903150075
1.18408203125,1.3703670861526405
1.1845703125,0.58477560290199515
1.18505859375,0.14484213602448837
1.185546875,0.95333983783457921
1.18603515625,0.32911186743616228
1.1865234375,0.13170247192106432
1.18701171875,1.1254215219601673
1.1875,0.64733588508166551
1.18798828125,1.058191052564365
1.1884765625,-0.4412603140301472
1.18896484375,0.74186914906431567
1.189453125,0.37665700243075217
1.18994140625,-0.069684677987713717
1.1904296875,-0.30570336305911155
1.19091796875,0.55208614391948174
1.19140625,0.41732539664723833
1.19189453125,0.0097722902345665497
1.1923828125,0.84920091246558904
1.19287109375,1.1060183438049478
1.193359375,0.55641892595943654
1.19384765625,0.32833347002437568
1.1943359375,0.35517886473425886
1.19482421875,0.89582084021224118
1.1953125,0.10646379361385722
1.19580078125,0.26903817548306974
1.1962890625,0.9113071133755184
1.19677734375,0.061738402696313394
1.197265625,-0.58430502032308151
1.19775390625,-0.39812824358830357
1.1982421875,-0.15584886946407986
1.19873046875,-0.024938584921296233
1.19921875,-1.5225710853405954
1.19970703125,0.25072693325913492
1.2001953125,-0.22900925886712675
1.20068359375,0.39508906692286672
1.201171875,-0.82665213538603899
1.20166015625,-0.32844380698234121
1.2021484375,-0.65861789351914146
1.20263671875,-0.26665525620375108
1.203125,-1.6697692848285786
1.20361328125,-1.7161251232517876
1.2041015625,-1.3737990117171632
1.20458984375,-1.3165240967848513
1.205078125,-1.1868546809857028
1.20556640625,-1.6234126169828189
1.2060546875,-0.82241570943029452
1.20654296875,-0.78858148432287323
1.20703125,-0.23839813158203027
1.20751953125,-2.1675935844854557
1.2080078125,-1.4254962978522963
1.20849609375,-1.3617119308506895
1.208984375,0.46273280133256045
1.20947265625,-1.8266559624747445
1.2099609375,-2.4062504398027649
1.21044921875,-0.63898952604950487
1.2109375,-1.0751743625223202
1.21142578125,-1.1449937589227768
1.2119140625,0.28309465461642203
1.21240234375,-0.43718785275792221
1.212890625,-0.36919665965922061
1.21337890625,-1.4131788637431808
1.2138671875,-0.26931178165489006
1.21435546875,0.091259098306287784
1.21484375,0.76615968417208424
1.21533203125,-0.68215773081615239
1.2158203125,-0.40952033541379512
1.21630859375,-0.15258970802411875
1.216796875,0.40785329174343543
1.21728515625,0.33886248115466838
1.2177734375,0.70884778233990076
1.21826171875,1.1521982998232625
1.21875,1.4744700958141814
1.21923828125,0.39021199742817297
1.2197265625,1.1705930449579709
1.22021484375,1.2932005294067326
1.220703125,0.63492122175035093
1.22119140625,1.7071612746791163
1.2216796875,0.20019933405469637
1.22216796875,1.2647316855655331
1.22265625,1.6141120674982452
1.22314453125,1.0809952516997519
1.2236328125,1.2939124839014577
1.22412109375,0.13820081412549223
1.224609375,1.4618109425395274
1.22509765625,1.4622730630324163
1.2255859375,0.39678137302055677
1.22607421875,0.81284443918404037
1.2265625,0.24775795563685216
1.22705078125,-0.42483928055141562
1.2275390625,0.25338890503728262
1.22802734375,0.44361599811353097
1.228515625,0.81681925588391835
1.22900390625,0.78864355346105697
1.2294921875,-0.71298098211298699
1.22998046875,0.30668587744482695
1.23046875,0.9100407824157748
1.23095703125,0.86945587668755353
1.2314453125,0.38313844890919835
1.23193359375,0.16524994710119723
1.232421875,1.2343699786866051
1.23291015625,0.98500422576812974
1.2333984375,0.18974999633378836
1.23388671875,0.2618378499535336
1.234375,0.93196125273224573
1.23486328125,0.19653663530479507
1.2353515625,-0.20769710196535679
1.23583984375,1.4057205341994776
1.236328125,0.85405311348074631
1.23681640625,0.17391092300407596
1.2373046875,0.70980868947897369
1.23779296875,-0.62996662991464369
1.23828125,0.34438703729002818
1.23876953125,-0.030810432675365512
1.2392578125,-0.2015142155611839
1.23974609375,-0.73059088181490073
1.240234375,-0.92874861061593617
1.24072265625,-0.85666696862592162
1.2412109375,-1.0529911030213024
1.24169921875,0.24451221204928975
1.2421875,0.044362288912680903
1.24267578125,-0.71437814490024987
1.2431640625,-1.0828669072962702
1.24365234375,-1.3539626940913516
1.244140625,-0.98215797717116482
1.24462890625,-0.74589776204104585
1.2451171875,-1.0730473792782802
1.24560546875,-0.94688071983943367
1.24609375,-0.93346811637922722
1.24658203125,-0.96774773130694336
1.2470703125,-1.5941341304508247
1.24755859375,-1.7026262287301173
1.248046875,-1.2917106709978989
1.24853515625,-1.6778383015246328
1.2490234375,-1.9304604164903107
1.24951171875,-1.4040507640016959
1.25,-0.99294118378254081
1.25048828125,-1.6458616401376784
1.2509765625,-1.363659871381389
1.25146484375,-0.94713613467279889
1.251953125,-1.7111576620511522
1.25244140625,-0.86204736126172943
1.2529296875,-0.5167773249185158
1.25341796875,-0.60174190921782078
1.25390625,-0.40721039848713897
1.25439453125,0.05019960383710681
1.2548828125,-0.92542122809595107
1.25537109375,-0.19273947793699805
1.255859375,-0.23448670935126872
1.25634765625,0.99614861550770339
1.2568359375,-0.42186426075039074
1.25732421875,-0.098007598592961043
1.2578125,0.99704517182495578
1.25830078125,0.74818818938731257
1.2587890625,0.48992370110393102
1.25927734375,0.46923790074034039
1.259765625,0.76500662882706472
1.26025390625,0.53997542174335456
1.2607421875,1.6502677848038296
1.26123046875,0.38600587886224047
1.26171875,0.39315161320558911
1.26220703125,0.83358884242714826
1.2626953125,-0.07035470785398179
1.26318359375,0.93800738325948629
1.263671875,0.10673251938268447
1.26416015625,1.0050320948789686
1.2646484375,0.3248928307771774
1.26513671875,0.8273002173740176
1.265625,0.42834403421615602
1.26611328125,1.3837204002247048
1.2666015625,0.87914264211245308
1.26708984375,1.1319951217897857
1.267578125,0.60515201932103113
1.26806640625,0.93893937385033299
1.2685546875,0.11367975190678253
1.26904296875,0.86960287993692553
1.26953125,0.021709112615869108
1.27001953125,-0.37932175493618397
1.2705078125,0.52950827377986864
1.27099609375,-0.3076327022178455
1.271484375,0.79868884713011323
1.27197265625,1.1287256131923136
1.2724609375,0.95736846303495726
1.27294921875,0.87517607758797444
1.2734375,1.035202045675035
1.27392578125,-0.20626566289569337
1.2744140625,-0.11167815272372128
1.27490234375,0.90403034392942283
1.275390625,-0.018951189743083963
1.27587890625,0.052717761245909212
1.2763671875,-0.056480858584726124
1.27685546875,0.64678469341646583
1.27734375,-0.43273636767278834
1.27783203125,-0.21376470176860679
1.2783203125,0.73239068908764859
1.27880859375,-0.14849926345907644
1.279296875,0.49396140119959342
1.27978515625,0.13263690021310678
1.2802734375,-0.00056043136443457292
1.28076171875,0.39075907484327838
1.28125,-0.89425982290789374
1.28173828125,-1.316660741721406
1.2822265625,-0.42180834892685104
1.28271484375,-0.81762483549292009
1.283203125,-0.028195623506701795
1.28369140625,-1.234574884667119
1.2841796875,-1.1973141723712117
1.28466796875,-1.2403956743815456
1.28515625,-0.75770322481865482
1.28564453125,-1.9481972723291148
1.2861328125,-1.3488913557132323
1.28662109375,-1.7310245429548483
1.287109375,-0.70299815991867998
1.28759765625,-2.2866904128009065
1.2880859375,-0.77693196062448155
1.28857421875,-1.465840236141966
1.2890625,-1.823129161127242
1.28955078125,-1.3060901545982917
1.2900390625,-2.1085017593314288
1.29052734375,-0.67081887158790166
1.291015625,-1.6988973806712342
1.29150390625,-0.56695581277470475
1.2919921875,-1.2345447118399564
1.29248046875,-0.93294792836126117
1.29296875,-1.7478683297775968
1.29345703125,0.072248182176381626
1.2939453125,0.26048317839798329
1.29443359375,-1.1671452705134546
1.294921875,-0.47350964453453864
1.29541015625,0.58602815950642095
1.2958984375,-0.30193036161841325
1.29638671875,1.624295001692297
1.296875,0.8746524818758441
1.29736328125,-0.010276110930040938
1.2978515625,-0.79469396103417433
1.29833984375,1.0408650122824845
1.298828125,1.2566751223939807
1.29931640625,0.07560664072822959
1.2998046875,0.16546824096422574
1.30029296875,0.55839859357324451
1.30078125,-0.072923449068567181
1.30126953125,0.94303252018506878
1.3017578125,1.5398880580458727
1.30224609375,0.851965619140994
1.302734375,0.3198075172579149
1.30322265625,0.66915354373684388
1.3037109375,0.13080432922075735
1.30419921875,0.27248288219234129
1.3046875,0.67341071542475606
1.30517578125,1.0824569583197836
1.3056640625,0.63964207749722535
1.30615234375,1.0105389896762045
1.306640625,0.13699113239132232
1.30712890625,1.72037582355971
1.3076171875,0.92543437948737517
1.30810546875,1.4400378110746872
1.30859375,0.04017259704722187
1.30908203125,0.48551220339138301
1.3095703125,0.12931592454132079
1.31005859375,1.1380324968984503
1.310546875,-0.10493713093245904
1.31103515625,1.2243766471062978
1.3115234375,0.2665745033517164
1.31201171875,-0.056730346565595058
1.3125,0.050279701066468951
1.31298828125,-0.07504379337801359
1.3134765625,-0.14234177069189113
1.31396484375,0.92793367002439919
1.314453125,0.25835401451397733
1.31494140625,-0.24864624369085625
1.3154296875,0.35307675122974908
1.31591796875,-0.10140645351163968
1.31640625,-0.48974153658477376
1.31689453125,0.18847508158064025
1.3173828125,0.17063367005712315
1.31787109375,0.69415191310267454
1.318359375,-0.27692315785445398
1.31884765625,1.0544166325146527
1.3193359375,-0.64912226632395309
1.31982421875,-0.57470298545883269
1.3203125,-0.75078350843862929
1.32080078125,-0.87130251484025056
1.3212890625,-0.10710935981089159
1.32177734375,-0.58201176829924983
1.322265625,-1.1385519434002069
1.32275390625,-0.55223173142446047
1.3232421875,-1.3565172249887394
1.32373046875,-0.33991285800963938
1.32421875,-0.82625332500580329
1.32470703125,-1.3112798518777851
1.3251953125,-1.0442529076803677
1.32568359375,-1.1476230248816759
1.326171875,-1.4484071334600226
1.32666015625,-0.77671781363016623
1.3271484375,-1.7541134701475349
1.32763671875,-1.8729557024187953
1.328125,-1.2496530428455981
1.32861328125,-1.5581220171737247
1.3291015625,-1.3228302087115129
1.32958984375,-1.9794362836447208
1.330078125,-1.1560465005696521
1.33056640625,-1.0452986266301607
1.3310546875,-0.43695578176058514
1.33154296875,-0.94414157685571876
1.33203125,-1.2744498749202069
1.33251953125,-0.85939232946143918
1.3330078125,-0.44922883667366303
1.33349609375,-0.74430818544349919
1.333984375,-0.49942151967725973
1.33447265625,-0.6257140553194519
1.3349609375,-1.0920671810265774
1.33544921875,-0.85828379274712474
1.3359375,-0.077668112458734312
1.33642578125,-1.3363179989031782
1.3369140625,0.94985064601183888
1.33740234375,-0.2287712157455894
1.337890625,0.08149378309416111
1.33837890625,1.0731034300885853
1.3388671875,0.36309388482430349
1.33935546875,0.56892888575078548
1.33984375,0.39783931266970873
1.34033203125,1.7908273483999781
1.3408203125,1.7400383411077303
1.34130859375,0.36449170716926316
1.341796875,1.3322272047156272
1.34228515625,1.6466616616783054
1.3427734375,0.6897771313904163
1.34326171875,1.1213166767890574
1.34375,0.28985575853724144
1.34423828125,0.51432831960769798
1.3447265625,0.61815283032939539
1.34521484375,0.62871935303062865
1.345703125,0.61307211824543706
1.34619140625,0.59278449897856855
1.3466796875,0.55377852737546851
1.34716796875,0.49595505455630484
1.34765625,0.89020164227235521
1.34814453125,0.75961394479238198
1.3486328125,0.80222650406043128
1.34912109375,0.60641722160485068
1.349609375,-0.18843240766859054
1.35009765625,0.027838539267361462
1.3505859375,-0.40270996789316793
1.35107421875,0.76580756907860958
1.3515625,0.65085884818713602
1.35205078125,-0.2787862106393546
1.3525390625,0.44280109719060257
1.35302734375,0.57294535970658389
1.353515625,1.0305253411550837
1.35400390625,1.3904223015406736
1.3544921875,0.7986245009478532
1.35498046875,0.58285510877039826
1.35546875,-0.3911911806814421
1.35595703125,0.83976821151216696
1.3564453125,-0.23682220320830766
1.35693359375,0.28066592659755374
1.357421875,1.0652686068524553
1.35791015625,0.37166001526996817
1.3583984375,-0.064229398048284786
1.35888671875,-0.42365156772956925
1.359375,0.17727099421649326
1.35986328125,-0.2288885632922654
1.3603515625,-0.98871762139214692
1.36083984375,0.32463398306170221
1.361328125,-0.084579289916021497
1.36181640625,-0.39327726435751109
1.3623046875,0.11149047454308858
1.36279296875,0.39378553964511354
1.36328125,-0.76911659346704231
1.36376953125,-0.19617525402918723
1.3642578125,-0.84840257962627474
1.36474609375,-0.96664041412742618
1.365234375,-0.88643733884123876
1.36572265625,-1.1178397994140681
1.3662109375,-1.6425222826963428
1.36669921875,-0.54974860566905248
1.3671875,-1.2473829367336586
1.36767578125,-0.35552584047700375
1.3681640625,-1.0184231233400389
1.36865234375,-1.104937171626327
1.369140625,-1.8965183055049244
1.36962890625,-0.30349701139340735
1.3701171875,-0.43861308423245615
1.37060546875,-0.9824835356507774
1.37109375,-1.1982468283610883
1.37158203125,-1.7423766706028432
1.3720703125,-1.2361732379447756
1.37255859375,-1.967316831882278
1.373046875,-0.50936106302402784
1.37353515625,-0.93521441887626688
1.3740234375,-0.37150231172609538
1.37451171875,0.18588695860078175
1.375,-1.2708408166147058
1.37548828125,-1.0442550120749985
1.3759765625,0.74998233702834316
1.37646484375,0.90086386239844041
1.376953125,0.0086361947097372549
1.37744140625,-0.33947792699249213
1.3779296875,-0.74797724245532138
1.37841796875,0.26623638823780105
1.37890625,-0.50394720177120811
1.37939453125,0.48792010657801055
1.3798828125,0.8373511415672622
1.38037109375,0.31758225143680929
1.380859375,0.95875604176037399
1.38134765625,1.4049085477018937
1.3818359375,1.0543193226949168
1.38232421875,-0.10974359987311988
1.3828125,1.1100166552695578
1.38330078125,1.0057112149832548
1.3837890625,0.92577099979600608
1.38427734375,2.2453206321657024
1.384765625,1.8634182898712868
1.38525390625,1.0692530551843018
1.3857421875,0.99941404469989337
1.38623046875,1.2253951513197432
1.38671875,1.5979489703515251
1.38720703125,0.31153439178189229
1.3876953125,0.57093291143121261
1.38818359375,0.757489010389087
1.388671875,0.74144316298411972
1.38916015625,1.3622933373696302
1.3896484375,1.5045082246163688
1.39013671875,-0.18425261427742401
1.390625,0.3403051251085083
1.39111328125,0.45059343135925278
1.3916015625,1.4646842183666533
1.39208984375,1.4750869794863006
1.392578125,-0.53205526681193382
1.39306640625,0.76099591555991153
1.3935546875,0.73222366699742403
1.39404296875,0.2079777089145623
1.39453125,-0.79864025113102688
1.39501953125,-0.18382906103151225
1.3955078125,0.52826717068285522
1.39599609375,0.68818027835234452
1.396484375,0.31418962583024745
1.39697265625,-1.1432069908896547
1.3974609375,0.56134872971319927
1.39794921875,0.46153649914168582
1.3984375,0.96410374392283105
1.39892578125,0.077797547962257518
1.3994140625,0.32928353886599071
1.39990234375,0.13649297911177055
1.400390625,-0.23284128947676094
1.40087890625,-0.49858066896615683
1.4013671875,0.35545913526521544
1.40185546875,0.4580908007159602
1.40234375,-0.29478966294090492
1.40283203125,-0.4853517898631432
1.4033203125,-0.17038314189742246
1.40380859375,-0.43386649028001728
1.404296875,0.37049473291298285
1.40478515625,-0.24159189698544969
1.4052734375,-0.79582091478314421
1.40576171875,-0.40876769718176653
1.40625,-1.1121900481359128
1.40673828125,-1.0294831648788514
1.4072265625,-1.6959032415038005
1.40771484375,-1.7602407448829533
1.408203125,-1.1653540411197527
1.40869140625,-1.6120526544999567
1.4091796875,-1.3705134031929218
1.40966796875,-1.405208417691646
1.41015625,-1.8548941856606553
1.41064453125,-0.63019183003321222
1.4111328125,-1.259395359496212
1.41162109375,-0.44301955501721058
1.412109375,-1.4397409865993001
1.41259765625,-1.4056135311637021
1.4130859375,-1.2616486105598059
1.41357421875,-1.1090647213504916
1.4140625,-0.76586633595736908
1.41455078125,-1.0380309301676549
1.4150390625,-0.19704382739245052
1.41552734375,-1.0035237409060729
1.416015625,-0.13333782946446227
1.41650390625,-0.25101372935305688
1.4169921875,-0.88918376918834885
1.41748046875,-0.46656762570826837
1.41796875,-0.78363326137176059
1.41845703125,0.7211871438690407
1.4189453125,-0.25184370648548732
1.41943359375,0.96678562397100554
1.419921875,0.12200174070671344
1.42041015625,1.3235325616127336
1.4208984375,1.1825669871423941
1.42138671875,1.011618308658806
1.421875,0.34245145956177231
1.42236328125,1.0434898598891311
1.4228515625,0.67015930902059662
1.42333984375,0.61045654289514339
1.423828125,1.0954579186987508
1.42431640625,0.91359748787949346
1.4248046875,0.11880716253111723
1.42529296875,0.80045853325008698
1.42578125,1.0854415970393028
1.42626953125,1.0531203134998017
1.4267578125,0.55003944241775826
1.42724609375,0.6183660523836052
1.427734375,1.489183475711096
1.42822265625,0.95873732455925775
1.4287109375,0.28857239978863591
1.42919921875,-0.23512016851348905
1.4296875,-0.0050747144131799704
1.43017578125,0.56594233902247859
1.4306640625,-0.1866503018382315
1.43115234375,0.70536613765835288
1.431640625,1.118168269647281
1.43212890625,0.63093699084228438
1.4326171875,0.81046454751441166
1.43310546875,0.094002703079391126
1.43359375,0.42432782554566589
1.43408203125,1.1599079649769415
1.4345703125,0.43356079590435681
1.43505859375,0.56387832361376533
1.435546875,0.7420103942789581
1.43603515625,0.41195864723647069
1.4365234375,1.0585205317995243
1.43701171875,0.19221776690062395
1.4375,-0.49637862562492646
1.43798828125,0.89841538911380203
1.4384765625,1.162816777746043
1.43896484375,0.18134138078405854
1.439453125,-0.5096025713892387
1.43994140625,1.0806071581138892
1.4404296875,0.0067843626249924904
1.44091796875,0.87873015319141157
1.44140625,0.78864343513916402
1.44189453125,-0.4852060771396885
1.4423828125,0.79359618576545887
1.44287109375,0.1311581414030922
1.443359375,-0.86772370328289572
1.44384765625,0.34843254778078525
1.4443359375,0.38788085384970794
1.44482421875,-0.52292986981343936
1.4453125,-0.74343680498763998
1.44580078125,-1.0888796053005945
1.4462890625,-1.257684105944016
1.44677734375,0.55750662981476684
1.447265625,0.21459724902166966
1.44775390625,-1.4225191889847588
1.4482421875,-1.2172517617662546
1.44873046875,-1.5596288601835893
1.44921875,-1.3865402696234534
1.44970703125,-1.6798109699726487
1.4501953125,-0.55632325394513393
1.45068359375,-1.4804467292706189
1.451171875,-2.5343934215975414
1.45166015625,-0.35001916646989173
1.4521484375,-1.1023725950296019
1.45263671875,-0.68934992635808745
1.453125,-0.42432020004130822
1.45361328125,-0.17844013123745484
1.4541015625,-1.8256903304120162
1.45458984375,-0.73712924394659618
1.455078125,-0.7186610803034803
1.45556640625,-0.59841820923880051
1.4560546875,0.53893919483587172
1.45654296875,-0.12875066442440133
1.45703125,-0.161865747182454
1.45751953125,-0.41063645192425613
1.4580078125,-0.34652110898874211
1.45849609375,-0.90636549858726478
1.458984375,-0.8248833635897328
1.45947265625,0.13895129635136588
1.4599609375,0.12551777797718905
1.46044921875,1.0820572764701208
1.4609375,1.1982521535594943
1.46142578125,0.79926001374174638
1.4619140625,1.1347062183328382
1.46240234375,1.0765156448705726
1.462890625,1.1055066764965358
1.46337890625,1.1316759348441476
1.4638671875,1.8754695568722837
1.46435546875,0.056881108417453197
1.46484375,1.0066998657077333
1.46533203125,0.93719816296519676
1.4658203125,1.3326046960130182
1.46630859375,1.1948234327582625
1.466796875,1.3353576052526166
1.46728515625,1.3627439707560227
1.4677734375,0.076243964848503154
1.46826171875,0.98558551175701858
1.46875,0.74423413714165609
1.46923828125,1.3156453522970897
1.4697265625,0.42607518085654383
1.47021484375,0.30506564483701049
1.470703125,0.2976456569621217
1.47119140625,0.9245960023870069
1.4716796875,0.18972625134886428
1.47216796875,0.35419995355579759
1.47265625,1.282353122855513
1.47314453125,0.6582996965141531
1.4736328125,0.31258367090705358
1.47412109375,-0.11898503266569066
1.474609375,0.82200736508389405
1.47509765625,-0.27561350184305466
1.4755859375,0.89773350085263193
1.47607421875,0.50284314262345642
1.4765625,0.71099751429671199
1.47705078125,0.78493610590355989
1.4775390625,-0.11311007977119303
1.47802734375,0.70053992435230572
1.478515625,0.30358810646873879
1.47900390625,0.78817782826639293
1.4794921875,-0.47136551660353493
1.47998046875,0.82453005010267844
1.48046875,0.19193688431260655
1.48095703125,-0.51729264912588513
1.4814453125,-0.0080397328790186955
1.48193359375,0.0018898775856349415
1.482421875,-0.6312645549132363
1.48291015625,-0.3860962773842479
1.4833984375,-0.82691775828092418
1.48388671875,-0.42652293489846665
1.484375,-0.40621691846347746
1.48486328125,-0.62270153982392584
1.4853515625,-0.20647883675862211
1.48583984375,-0.10231757760864407
1.486328125,-1.3319903851383559
1.48681640625,-0.61990722406943055
1.4873046875,-0.85772965317538152
1.48779296875,-1.7351520368270692
1.48828125,-0.54742936605527026
1.48876953125,-0.86952175822163857
1.4892578125,-1.3283022514263048
1.48974609375,-2.0665744539135158
1.490234375,-2.0081204430093371
1.49072265625,-0.59119580332061505
1.4912109375,-1.9603849758210901
1.49169921875,-1.6907118122609655
1.4921875,-0.86671871688291047
1.49267578125,-1.5793833162981217
1.4931640625,-1.1805878147723188
1.49365234375,-1.4397329936311261
1.494140625,-0.9729892388325645
1.49462890625,-0.78230220905064762
1.4951171875,-1.742615820808979
1.49560546875,-0.97585142462556673
1.49609375,-1.5700873559600828
1.49658203125,-0.84445822964961648
1.4970703125,-0.58912098033744775
1.49755859375,0.29533167154598916
1.498046875,-0.28899321167947561
1.49853515625,-0.12674712365842056
1.4990234375,0.6036920811191715
1.49951171875,-0.38208515888551764
1.5,0.0006828675347094193
1.50048828125,1.0558465257878267
1.5009765625,0.88248312131775397
1.50146484375,1.1604350059631265
1.501953125,0.8167596638034893
1.50244140625,1.2364894140173872
1.5029296875,0.5749646217646589
1.50341796875,1.2027766043367254
1.50390625,1.0023603390171694
1.50439453125,0.94239795586500463
1.5048828125,1.4213720472856735
1.50537109375,-0.15993362400471633
1.505859375,1.1843293517746922
1.50634765625,1.2889270406739783
1.5068359375,1.5315205872127005
1.50732421875,1.4503201017472978
1.5078125,0.28629181813890014
1.50830078125,0.51364549262467207
1.5087890625,0.22036023633666701
1.50927734375,0.48674630521489415
1.509765625,-0.10385406798841201
1.51025390625,-0.068326651074457012
1.5107421875,0.28489078042468136
1.51123046875,0.46796116289601125
1.51171875,0.34353359825807989
1.51220703125,0.28176547707350408
1.5126953125,0.42402616723653674
1.51318359375,1.1185853210970977
1.513671875,-0.22635673579202187
1.51416015625,0.43752798504502932
1.5146484375,0.13866672146407855
1.51513671875,0.40343796814921873
1.515625,0.90374828292378551
1.51611328125,-0.01482178053480554
1.5166015625,-0.17488435549814707
1.51708984375,0.74237167420395811
1.517578125,0.83574368726766413
1.51806640625,-0.73320340638559733
1.5185546875,0.2782192957423526
1.51904296875,0.42702059901824141
1.51953125,1.2624855615638177
1.52001953125,0.18766451983753082
1.5205078125,0.82213543899456087
1.52099609375,0.64995749583604701
1.521484375,0.57042861318376703
1.52197265625,0.088663249322778526
1.5224609375,0.59118063443171132
1.52294921875,0.39112631364625078
1.5234375,0.18471953851009781
1.52392578125,-1.2583800617056549
1.5244140625,-0.80151455264651794
1.52490234375,-0.84754139008181251
1.525390625,-1.0134324488043489
1.52587890625,-0.75434571951409646
1.5263671875,-1.0924916058650316
1.52685546875,-0.98443491194449906
1.52734375,-0.79565814198558982
1.52783203125,-0.63806793088484348
1.5283203125,-0.76642409835756653
1.52880859375,-1.183734981549575
1.529296875,-1.503777990566834
1.52978515625,-0.89979407975993486
1.5302734375,-1.0353374128760895
1.53076171875,-1.8328445933395479
1.53125,-1.0124456120439416
1.53173828125,-1.1949040896314516
1.5322265625,-2.2842716556118114
1.53271484375,-1.1678936661114503
1.533203125,-2.1239569304220609
1.53369140625,-0.90400549276223152
1.5341796875,-2.1063551167682606
1.53466796875,-0.69059931291247856
1.53515625,-0.92864769077792897
1.53564453125,-0.8625002309390537
1.5361328125,-0.9556372406795195
1.53662109375,-0.62743509927430208
1.537109375,-0.14547404849917545
1.53759765625,-0.63231816403386221
1.5380859375,-0.32827699919585879
1.53857421875,-0.94142809839980801
1.5390625,-0.034338786704077376
1.53955078125,-0.15002562500310748
1.5400390625,0.15839031691530642
1.54052734375,1.4297137725010227
1.541015625,0.46811294857223318
1.54150390625,0.67535519168976821
1.5419921875,1.1785154702969081
1.54248046875,0.69087810602125543
1.54296875,0.86219183574545455
1.54345703125,1.5997370414881042
1.5439453125,0.66940616166981404
1.54443359375,0.056810133172901955
1.544921875,1.2319792408240173
1.54541015625,1.6596020789929864
1.5458984375,1.189266971822605
1.54638671875,-0.1097089875160312
1.546875,1.2106854859807634
1.54736328125,0.7758840063860053
1.5478515625,0.7100654391180361
1.54833984375,1.5063347008296564
1.548828125,-0.6699222711185866
1.54931640625,0.50222911931577086
1.5498046875,0.46643723630665479
1.55029296875,1.1642877710821584
1.55078125,0.57479320375992238
1.55126953125,0.56381383201541102
1.5517578125,1.2163605130676354
1.55224609375,0.24878964562962463
1.552734375,0.66677160559132154
1.55322265625,-0.051188519463630844
1.5537109375,1.2946297644063929
1.55419921875,0.70490749687139687
1.5546875,0.60251422423800083
1.55517578125,0.62204504644451397
1.5556640625,0.30361213542328574
1.55615234375,0.96383088908124481
1.556640625,-0.24122873668434686
1.55712890625,0.55902927709801409
1.5576171875,-0.071269181394891024
1.55810546875,0.73208477574827457
1.55859375,0.095210362959052053
1.55908203125,-0.16828678025065458
1.5595703125,0.32463532407660567
1.56005859375,0.3702789316791299
1.560546875,0.2288838942079236
1.56103515625,-0.088789013487008406
1.5615234375,0.34469400812183837
1.56201171875,-0.32953489570933425
1.5625,0.66003281589679463
1.56298828125,-0.003852677794676778
1.5634765625,0.63269080011189827
1.56396484375,-0.38819722706573756
1.564453125,0.26090750727774892
1.56494140625,-0.06400488900940618
1.5654296875,-0.16611778620463646
1.56591796875,0.086707313163417232
1.56640625,-0.8955552573050285
1.56689453125,-0.092282397324173426
1.5673828125,0.17707168513155924
1.56787109375,-0.61505501992131162
1.568359375,-1.8047719552532371
1.56884765625,-0.9623585546507154
1.5693359375,-1.5296254361475565
1.56982421875,-1.0390509548769931
1.5703125,-0.94780793430907162
1.57080078125,-1.7727898871887104
1.5712890625,0.18944592863707621
1.57177734375,-1.6530609450769183
1.572265625,-1.0704555535850566
1.57275390625,-1.7205086820508873
1.5732421875,-1.5108300536284514
1.57373046875,-1.993746095978016
1.57421875,-1.7380301182782856
1.57470703125,-1.5216260858591566
1.5751953125,-1.1125694859077275
1.57568359375,-0.93186684919895635
1.576171875,-1.5740271353719468
1.57666015625,-0.74281372119905997
1.5771484375,-0.65745026634740511
1.57763671875,-0.74223817829331451
1.578125,-0.50779357704401362
1.57861328125,0.51135710163110348
1.5791015625,1.2173604122005237
1.57958984375,-0.46441411255632603
1.580078125,1.0071964985483763
1.58056640625,1.0511794664283753
1.5810546875,0.41980123671136493
1.58154296875,0.82570073409449829
1.58203125,0.58229540380928435
1.58251953125,0.98821971485514748
1.5830078125,0.31801672541961751
1.58349609375,-0.17222045546531051
1.583984375,0.17949642919932635
1.58447265625,1.2473590672725254
1.5849609375,1.1694554444882241
1.58544921875,1.3537322819229738
1.5859375,1.071963251527233
1.58642578125,0.95577774386128245
1.5869140625,1.3394735133163262
1.58740234375,0.29922834459874925
1.587890625,1.0893058707494474
1.58837890625,1.4906672629529312
1.5888671875,1.0870898890039213
1.58935546875,0.21221410887651759
1.58984375,-0.063351901640302688
1.59033203125,0.37641171695998943
1.5908203125,-0.18980808052207421
1.59130859375,0.88558012790576401
1.591796875,0.95132488498397283
1.59228515625,1.2451711368014884
1.5927734375,0.77124465585884661
1.59326171875,0.41271611207394443
1.59375,1.3139653776434539
1.59423828125,1.1030118641030562
1.5947265625,1.4566127376527662
1.59521484375,-0.18120981333980646
1.595703125,0.31316696867160726
1.59619140625,-0.44723910098115649
1.5966796875,1.2141875146991334
1.59716796875,0.79130130660233489
1.59765625,-0.19577192909600671
1.59814453125,0.42914325198014791
1.5986328125,-0.62063878971981257
1.59912109375,0.40662218379413967
1.599609375,-0.23951566917947109
1.60009765625,0.88814494593433724
1.6005859375,0.3678107187107742
1.60107421875,0.28421644467838886
1.6015625,0.86472320604042585
1.60205078125,0.26463373477581009
1.6025390625,-0.028811787559046786
1.60302734375,0.49586587546479954
1.603515625,-0.67129269159295868
1.60400390625,0.067043702873513716
1.6044921875,-0.29391405787258268
1.60498046875,0.14845568570604817
1.60546875,-0.15665604761741792
1.60595703125,-0.68826141801603247
1.6064453125,-0.55989649534580055
1.60693359375,0.20269431967521001
1.607421875,0.40861563606407947
1.60791015625,-1.1608381105046952
1.6083984375,-1.3553088555502932
1.60888671875,-0.92882827459436945
1.609375,-0.79308479475072535
1.60986328125,-0.46124524094636332
1.6103515625,-1.454946981406565
1.61083984375,-1.4923452899593919
1.611328125,-1.1908555709148101
1.61181640625,-1.9187920161198282
1.6123046875,-1.7412902257048728
1.61279296875,-1.4819493217659696
1.61328125,-1.365674723262833
1.61376953125,-1.0220336691595158
1.6142578125,-0.99016686583687319
1.61474609375,-1.6480792450588293
1.615234375,-0.76558921096934451
1.61572265625,-0.72712771674049692
1.6162109375,-0.1169339485957529
1.61669921875,-0.86097653928038254
1.6171875,-0.024495571739777344
1.61767578125,-0.27171295168606713
1.6181640625,-1.4413898708839166
1.61865234375,0.070222995947367084
1.619140625,-1.2792220515232837
1.61962890625,-0.096160219812493342
1.6201171875,0.53552975546665649
1.62060546875,-0.73260160619542647
1.62109375,-0.25777466366690516
1.62158203125,-0.41290899751363552
1.6220703125,-0.67834936319656269
1.62255859375,0.22097311378984869
1.623046875,0.99543822026215589
1.62353515625,1.4575837093603925
1.6240234375,0.62120909006169833
1.62451171875,0.86004894946863775
1.625,-0.50396576923237268
1.62548828125,2.2658920578497481
1.6259765625,0.25196070723270614
1.62646484375,0.8394123019147739
1.626953125,0.9392519187754671
1.62744140625,0.8181639707546039
1.6279296875,1.2842406519634428
1.62841796875,1.0814588284207245
1.62890625,0.94133232398359412
1.62939453125,-0.16580689008650351
1.6298828125,0.50944315323340028
1.63037109375,1.3542547199194284
1.630859375,1.179000040673428
1.63134765625,0.73056499178874057
1.6318359375,0.64861133906697688
1.63232421875,0.35652639936186675
1.6328125,1.054698428180965
1.63330078125,0.83676884137430863
1.6337890625,0.56253714076852745
1.63427734375,0.51156678708958525
1.634765625,0.72586915307520661
1.63525390625,0.40322253596112989
1.6357421875,0.53994498054815088
1.63623046875,0.85125666211714379
1.63671875,-0.50981511334935825
1.63720703125,0.6559210791008695
1.6376953125,0.11428013963536365
1.63818359375,0.70878475749834358
1.638671875,1.1923639529178123
1.63916015625,0.98426606486987778
1.6396484375,0.51799685860138867
1.64013671875,0.44934201134043461
1.640625,0.720218390007481
1.64111328125,0.75787959772304136
1.6416015625,-0.059873835948859561
1.64208984375,0.59178107001449209
1.642578125,-0.32359583237535028
1.64306640625,0.0072220809135285918
1.6435546875,0.39464313029998876
1.64404296875,0.17283668247454759
1.64453125,-0.55819990617214654
1.64501953125,0.18127997604287222
1.6455078125,-0.89002167454150072
1.64599609375,-0.41881264124019713
1.646484375,-0.52382047255019337
1.64697265625,-0.41820450723160413
1.6474609375,-1.2008580138835234
1.64794921875,-0.74514533572778696
1.6484375,-0.21335381518649033
1.64892578125,-1.2488248869724758
1.6494140625,-1.4827987008303523
1.64990234375,-2.0872419109444165
1.650390625,-0.63771481823032261
1.65087890625,-1.007415317602498
1.6513671875,-1.5590001520552537
1.65185546875,-1.0957422109188748
1.65234375,-1.3715401610260589
1.65283203125,-0.60750958845020242
1.6533203125,-1.3144769389472533
1.65380859375,-1.3240879689218792
1.654296875,-1.0519488433290041
1.65478515625,-1.4323347461910927
1.6552734375,-1.5667269917670259
1.65576171875,-0.82340938064682945
1.65625,-1.4739993596392689
1.65673828125,-1.1195001504564284
1.6572265625,-0.83585126727807491
1.65771484375,-0.34540396172461785
1.658203125,-0.46261161265428408
1.65869140625,-0.30401070011861414
1.6591796875,0.16707804433004692
1.65966796875,0.44789535666210517
1.66015625,0.081449931835753081
1.66064453125,0.38569957647255737
1.6611328125,0.463426131601959
1.66162109375,-0.011200392494218114
1.662109375,0.81275680327774846
1.66259765625,-0.23044135573252256
1.6630859375,0.3252515512907343
1.66357421875,-0.013275041717175917
1.6640625,-0.56210361422243993
1.66455078125,0.85466206366092001
1.6650390625,0.95324587095358992
1.66552734375,0.23440101717872408
1.666015625,0.65382703497085326
1.66650390625,0.72535579199971312
1.6669921875,1.6515392209149315
1.66748046875,1.2903869725230601
1.66796875,0.61388017460914535
1.66845703125,1.0852685368376553
1.6689453125,1.050660722031848
1.66943359375,1.4253484292129386
1.669921875,1.0205901255736594
1.67041015625,0.62245651381027223
1.6708984375,0.066964541172486403
1.67138671875,-0.25130359889338316
1.671875,-0.65465655397138245
1.67236328125,0.61039150603204984
1.6728515625,0.98473949254254245
1.67333984375,0.89155325054267687
1.673828125,0.6937637547237655
1.67431640625,1.2129783242360015
1.6748046875,0.41066104635014622
1.67529296875,1.1714711083688525
1.67578125,0.31863593113624517
1.67626953125,0.70862810605418924
1.6767578125,0.49578635601857735
1.67724609375,0.30805539621301009
1.677734375,0.28636737170702126
1.67822265625,0.61649432413019967
1.6787109375,-0.22846903742125457
1.67919921875,0.9829300843259352
1.6796875,0.99182230657809933
1.68017578125,1.1173392689125277
1.6806640625,0.69578338829890907
1.68115234375,-0.38162781093773468
1.681640625,0.87385654204116925
1.68212890625,0.1081660917330251
1.6826171875,0.21750857680797031
1.68310546875,0.57232355465048579
1.68359375,0.19241172544126722
1.68408203125,0.45924971829235434
1.6845703125,-0.64674096311021345
1.68505859375,-0.087580991985624523
1.685546875,-0.42909505080196042
1.68603515625,-0.45337159464793619
1.6865234375,-0.23379659051306956
1.68701171875,-1.3207386379758537
1.6875,-0.32055185080872817
1.68798828125,-0.84037024442676467
1.6884765625,-0.40647069972014327
1.68896484375,-1.3361742141098771
1.689453125,-0.70039036994984805
1.68994140625,-0.43853678348975778
1.6904296875,-1.4208921031009587
1.69091796875,-0.78566579537863668
1.69140625,-1.9294989180859161
1.69189453125,-1.7321061684015453
1.6923828125,-0.33846695325838749
1.69287109375,-1.1652964287594645
1.693359375,-1.1890695923526746
1.69384765625,-1.6802173281238773
1.6943359375,-1.1571581652351617
1.69482421875,-0.37797243857163254
1.6953125,-0.65433279308214876
1.69580078125,-1.0360125565915239
1.6962890625,-1.3506199098212013
1.69677734375,-1.2675022444599615
1.697265625,-1.5478948373512837
1.69775390625,-0.59598193148769107
1.6982421875,-0.36503483420101329
1.69873046875,-1.2838230174118308
1.69921875,-0.67813949341061119
1.69970703125,-0.7685836238299657
1.7001953125,-0.9706166390383647
1.70068359375,-0.41656183846472172
1.701171875,0.24276504869294746
1.70166015625,0.16390431896428201
1.7021484375,-0.13240353254729559
1.70263671875,0.30610050183404641
1.703125,-0.15263255086753102
1.70361328125,-0.14849240658511154
1.7041015625,1.6596032235030995
1.70458984375,0.46689600465390285
1.705078125,0.77377805479560657
1.70556640625,0.21622267082227653
1.7060546875,0.475673338251625
1.70654296875,0.30411077537552111
1.70703125,0.29154103054261821
1.70751953125,0.43156867366112694
1.7080078125,0.70599400603359341
1.70849609375,1.0914948850612622
1.708984375,0.6753363277010076
1.70947265625,1.5509439006569554
1.7099609375,1.1238483725937707
1.71044921875,1.1404967234764687
1.7109375,0.59180102863119166
1.71142578125,1.1830704165260655
1.7119140625,1.4336443477608114
1.71240234375,0.48467055862384545
1.712890625,0.1690058163924083
1.71337890625,0.99550628283069753
1.7138671875,1.6176448519619613
1.71435546875,-0.017990315744820462
1.71484375,1.1665622350414002
1.71533203125,0.6231054479931708
1.7158203125,0.050153257961133013
1.71630859375,-0.10481497881328078
1.716796875,1.5622769101436251
1.71728515625,0.92739485585101966
1.7177734375,1.5404203725790966
1.71826171875,0.082159584084330661
1.71875,1.0263446940702561
1.71923828125,0.36968195858186181
1.7197265625,0.24329625535640209
1.72021484375,0.92237206434288321
1.720703125,0.53360752465715111
1.72119140625,-0.51060443276305734
1.7216796875,0.28713915080817709
1.72216796875,0.25227067599799785
1.72265625,0.15632039065808173
1.72314453125,0.085935821709816534
1.7236328125,0.67115194840070747
1.72412109375,0.016943093715436564
1.724609375,0.19941471675684586
1.72509765625,-0.45193225357623046
1.7255859375,0.51146203114052369
1.72607421875,0.14184319927328526
1.7265625,-0.21644468423166852
1.72705078125,-1.0756785772586541
1.7275390625,0.22379066817759774
1.72802734375,-1.3615779789078779
1.728515625,0.12905656192162618
1.72900390625,0.065569178339255463
1.7294921875,-1.6621824550402478
1.72998046875,-0.88622480586054619
1.73046875,-1.4444634445050371
1.73095703125,-1.1742075203081075
1.7314453125,-1.5222361066129866
1.73193359375,-0.77695235494247472
1.732421875,-1.0189492154336948
1.73291015625,-0.94287768669893124
1.7333984375,-1.0364253491229087
1.73388671875,-1.0075622602125587
1.734375,-1.3254832483801913
1.73486328125,-1.3522907108679738
1.7353515625,-1.1480366613867667
1.73583984375,-1.3250635155739232
1.736328125,-1.7181551451125527
1.73681640625,-1.8037070226765977
1.7373046875,-0.31310872382071031
1.73779296875,-0.99823481098677413
1.73828125,-1.001324887734899
1.73876953125,-1.1557588603674707
1.7392578125,-0.79699155189434179
1.73974609375,-0.50539576659576335
1.740234375,-0.22828288679416264
1.74072265625,-0.8288356467252127
1.7412109375,-0.26304614553925465
1.74169921875,0.63389866174715015
1.7421875,0.33656141420681018
1.74267578125,-0.082289701059376025
1.7431640625,-0.27998925065866831
1.74365234375,0.54021957013455169
1.744140625,0.025062360368547199
1.74462890625,0.53591573454007069
1.7451171875,1.1464585777223717
1.74560546875,0.33932006871908055
1.74609375,0.70326940332715016
1.74658203125,1.5666663504369214
1.7470703125,1.1497969398558927
1.74755859375,0.91094763364746278
1.748046875,0.46688198689043747
1.74853515625,0.69188111354265813
1.7490234375,-0.2752425555285809
1.74951171875,0.065704932343603528
1.75,0.68592633547256343
1.75048828125,0.19178091233810723
1.7509765625,1.0641077249305364
1.75146484375,0.75516299299181044
1.751953125,-0.1266822868320111
1.75244140625,1.1077034227499893
1.7529296875,1.2213095883953113
1.75341796875,0.42366134060761984
1.75390625,1.5250518686337409
1.75439453125,0.9952422478823657
1.7548828125,0.4200923088202187
1.75537109375,0.82670592264877452
1.755859375,0.50855212651368242
1.75634765625,-0.17418558105805804
1.7568359375,1.0183686386604012
1.75732421875,1.0053746637924454
1.7578125,-0.26080081628424273
1.75830078125,1.0122978808148222
1.7587890625,1.2013223570550853
1.75927734375,0.53424653573880931
1.759765625,0.6194742079787231
1.76025390625,0.76628738226036197
1.7607421875,-0.25262915917343731
1.76123046875,1.2020621902113695
1.76171875,1.0283895165401131
1.76220703125,-0.39422366163777423
1.7626953125,0.74819893739364796
1.76318359375,0.56067372325524534
1.763671875,1.187443885770266
1.76416015625,0.88930639819686574
1.7646484375,-0.17200765570071175
1.76513671875,-1.3043767498910566
1.765625,-0.16397088070772908
1.76611328125,0.40337399358715942
1.7666015625,-0.45507935803282784
1.76708984375,0.37468117451182548
1.767578125,-1.1507385440653042
1.76806640625,-0.37567907248117277
1.7685546875,-0.49008821668452118
1.76904296875,-0.33414590118486098
1.76953125,-1.6223976626004732
1.77001953125,-0.021348731687944045
1.7705078125,-0.72188227503787772
1.77099609375,0.093449447638156102
1.771484375,-0.99389988206201818
1.77197265625,-1.3212884963933753
1.7724609375,-1.0529136729901141
1.77294921875,-1.4831548856545771
1.7734375,-1.3853865666154537
1.77392578125,-2.5022340377546906
1.7744140625,-1.9177979821887836
1.77490234375,-1.3298211330150651
1.775390625,-0.88646212005301517
1.77587890625,-1.9598921557556961
1.7763671875,-1.1795814402939468
1.77685546875,-0.84173976973350206
1.77734375,-0.40376158198530088
1.77783203125,-1.3958542850651952
1.7783203125,-0.91406702890331482
1.77880859375,-0.86307351552168909
1.779296875,-0.69826265251730513
1.77978515625,-0.44554746836913772
1.7802734375,-0.73626914498907892
1.78076171875,-0.87131842144423965
1.78125,-0.6491948746652898
1.78173828125,0.0037926478018674992
1.7822265625,-0.38459238245359795
1.78271484375,-0.22535702556950721
1.783203125,1.204795221614734
1.78369140625,0.48220516741154834
1.7841796875,0.11093983910421495
1.78466796875,0.5838195174187254
1.78515625,0.48743965714492699
1.78564453125,0.94577764724344704
1.7861328125,0.59574428467587626
1.78662109375,0.64210967903384641
1.787109375,1.7969580143000758
1.78759765625,0.58664999176185006
1.7880859375,1.0110327742507934
1.78857421875,0.35522376392794397
1.7890625,0.85009326923667827
1.78955078125,0.16790244859046566
1.7900390625,1.0082391022126165
1.79052734375,0.41554093491665822
1.791015625,1.551915785140324
1.79150390625,1.2923154439140587
1.7919921875,0.65864686558368746
1.79248046875,0.42191208537086161
1.79296875,0.80129636084059508
1.79345703125,0.83365321383107927
1.7939453125,-0.28431310353028916
1.79443359375,0.68477760866697057
1.794921875,-0.074861634161380697
1.79541015625,-0.78563713856859285
1.7958984375,0.87334606150608396
1.79638671875,0.13850376864274455
1.796875,0.89506255338369412
1.79736328125,-0.043071395796719592
1.7978515625,0.43282683630760677
1.79833984375,0.20761448023455875
1.798828125,0.56973989494460942
1.79931640625,0.70296511110410198
1.7998046875,0.24356390215467355
1.80029296875,-0.14515630468699442
1.80078125,-0.31398553866213558
1.80126953125,0.6568383682511123
1.8017578125,0.09246540619121893
1.80224609375,1.8309480056594631
1.802734375,0.2042084764736101
1.80322265625,-0.59775074869050449
1.8037109375,1.4250056830350779
1.80419921875,0.32604446000033238
1.8046875,0.72802491918171175
1.80517578125,0.40375322450545337
1.8056640625,0.13630810849507977
1.80615234375,-0.33524376561191982
1.806640625,-0.57900741604774908
1.80712890625,-0.87046387491081934
1.8076171875,-0.68497274842836409
1.80810546875,-0.26759723649498324
1.80859375,0.26654368618993024
1.80908203125,-0.43720983067046704
1.8095703125,-0.042316079120517491
1.81005859375,-0.71619292096659681
1.810546875,-0.38033840187315926
1.81103515625,-1.1202396024179329
1.8115234375,-0.90575814503479235
1.81201171875,-1.51216461543412
1.8125,-1.4970453535449955
1.81298828125,-1.4382734529833905
1.8134765625,-0.38409663911167913
1.81396484375,-1.3025619390952246
1.814453125,-0.84355322110155262
1.81494140625,-1.4095081074478255
1.8154296875,-1.7774025487236877
1.81591796875,-0.4358807516954879
1.81640625,-2.4780028015994087
1.81689453125,-1.7931142471089554
1.8173828125,-1.0085097424376577
1.81787109375,-0.87962168455290013
1.818359375,-0.40169592111389851
1.81884765625,0.11792357404364906
1.8193359375,-0.61568268144141647
1.81982421875,-0.92992231548437565
1.8203125,-0.58870158431416719
1.82080078125,-1.4015420767427735
1.8212890625,-0.75144259459050555
1.82177734375,-0.3047481429000003
1.822265625,-0.36731875394908875
1.82275390625,0.060845912530130178
1.8232421875,-0.38199056318370372
1.82373046875,-0.78730037727044433
1.82421875,-0.066722256222249837
1.82470703125,-0.4087050066758785
1.8251953125,0.68543394072268105
1.82568359375,0.47632225962691827
1.826171875,0.79374336665712597
1.82666015625,0.15992945621211441
1.8271484375,0.8750798980162221
1.82763671875,1.1648188420680583
1.828125,1.0820698270437203
1.82861328125,1.454150933400101
1.8291015625,0.98752341792318921
1.82958984375,0.54815685342770315
1.830078125,0.57570898267948567
1.83056640625,1.6302827227914232
1.8310546875,1.5503189176311554
1.83154296875,0.64880201944420046
1.83203125,0.25984747112385737
1.83251953125,0.85250678653632195
1.8330078125,0.072070719919574477
1.83349609375,-0.42655340000119002
1.833984375,0.27323050637772628
1.83447265625,0.026737550239100516
1.8349609375,1.0391752735386603
1.83544921875,0.56366572994757025
1.8359375,0.036296794911122698
1.83642578125,0.87055687149432037
1.8369140625,0.74732965614008318
1.83740234375,0.56232563651717937
1.837890625,0.072972053795520353
1.83837890625,1.4992413402677021
1.8388671875,0.53233562673369694
1.83935546875,-0.013633173728656856
1.83984375,0.055679305876815965
1.84033203125,0.57040236839105074
1.8408203125,0.88939456140461803
1.84130859375,0.67222345435790487
1.841796875,0.53777154705997887
1.84228515625,0.36771688091503735
1.8427734375,0.27980051694195279
1.84326171875,0.98917138909036706
1.84375,0.66643328912387767
1.84423828125,0.43375524738058069
1.8447265625,0.98529278472766046
1.84521484375,0.11979912426890263
1.845703125,0.30067051440550691
1.84619140625,-0.075349169282327919
1.8466796875,0.44938580816866752
1.84716796875,0.14017407486756242
1.84765625,-0.11717309918583163
1.84814453125,0.67016811737250259
1.8486328125,-0.04586603809551594
1.84912109375,-1.3276335729985009
1.849609375,-1.0327514228734211
1.85009765625,-0.62179519658980498
1.8505859375,-0.70462592942162106
1.85107421875,-0.48606846202925358
1.8515625,-0.46229491779254744
1.85205078125,-1.0940542052554147
1.8525390625,-1.2116534144113413
1.85302734375,-1.2279060004923856
1.853515625,-0.86472783789613383
1.85400390625,-1.3192780101456432
1.8544921875,-1.5370538431096132
1.85498046875,-1.4677792339063147
1.85546875,-2.0973909215055944
1.85595703125,-0.65844206515539927
1.8564453125,-0.77051063936556097
1.85693359375,-1.4727767077980674
1.857421875,-0.72829313362509951
1.85791015625,-1.1946618593011888
1.8583984375,-1.0988896512259687
1.85888671875,-1.3056115744844072
1.859375,-1.1085736393034842
1.85986328125,-0.77312435184402761
1.8603515625,-0.95119213589535612
1.86083984375,-1.0365308590579587
1.861328125,-0.48104875183725465
1.86181640625,-0.8419581218711214
1.8623046875,0.072074845007829791
1.86279296875,-0.53100015903740427
1.86328125,0.20728379153528817
1.86376953125,0.67497702266285897
1.8642578125,0.6815808735303226
1.86474609375,-0.54427620059458381
1.865234375,0.58434556421143802
1.86572265625,0.17904077002485275
1.8662109375,0.3030379598121738
1.86669921875,1.1159176854017492
1.8671875,0.046218806689557468
1.86767578125,0.54791977233138534
1.8681640625,0.40422506289309046
1.86865234375,0.60414153289092165
1.869140625,0.82204966963179571
1.86962890625,0.37027742478826342
1.8701171875,1.7610495220509166
1.87060546875,0.62731996680704594
1.87109375,1.9494532519077472
1.87158203125,1.2755891068102356
1.8720703125,0.8422820083501672
1.87255859375,0.74676360506284489
1.873046875,0.70978505575462847
1.87353515625,0.10091885580786275
1.8740234375,0.07790344116166148
1.87451171875,0.49785124801124891
1.875,0.023207980457537636
1.87548828125,0.80589516067626199
1.8759765625,0.8152849118174601
1.87646484375,1.3797520522212259
1.876953125,0.8588493831127102
1.87744140625,0.40443178030413718
1.8779296875,0.78211873952423272
1.87841796875,0.09615785149745959
1.87890625,0.37455510916645168
1.87939453125,0.87464390195621167
1.8798828125,-0.033315340175577912
1.88037109375,0.52569890960078747
1.880859375,0.13407986298760016
1.88134765625,0.44441611072655129
1.8818359375,0.87334764961329392
1.88232421875,0.67148395020170049
1.8828125,-0.95008578973878777
1.88330078125,0.85632755514456105
1.8837890625,0.59793034331210893
1.88427734375,0.90223123963760443
1.884765625,0.37938978891297692
1.88525390625,0.69387086556680877
1.8857421875,-0.26005116848796134
1.88623046875,0.70465420400213685
1.88671875,0.59341919595676551
1.88720703125,1.0150869849389679
1.8876953125,-0.44218201050063505
1.88818359375,0.35623108151987015
1.888671875,-0.74907442711583316
1.88916015625,-0.66731165940513426
1.8896484375,-0.68761787294795185
1.89013671875,-0.70140891015077389
1.890625,-0.10098298310075604
1.89111328125,-1.2445116400765324
1.8916015625,-0.67678984191683889
1.89208984375,-0.4068099171297605
1.892578125,-1.0525145948596641
1.89306640625,-0.82747356974796316
1.8935546875,-0.76986011824965328
1.89404296875,-1.1911099699515073
1.89453125,-1.1691233290719261
1.89501953125,-1.5799550579614108
1.8955078125,-1.3818325140471142
1.89599609375,-1.038234098586825
1.896484375,-1.4346447336400883
1.89697265625,-1.6699839569672572
1.8974609375,-1.3637236199468548
1.89794921875,-1.105970682705872
1.8984375,-1.338360246543197
1.89892578125,-1.5304226266558514
1.8994140625,-1.3817548187503461
1.89990234375,-1.500394808640561
1.900390625,-0.99406470317661555
1.90087890625,-0.35105492010758593
1.9013671875,-0.55107420918477712
1.90185546875,-0.60834367431888792
1.90234375,-0.78795481029362857
1.90283203125,-1.0387885591964967
1.9033203125,-0.34695306479869614
1.90380859375,-0.022744296917740686
1.904296875,0.12039181896933532
1.90478515625,0.72622846291263032
1.9052734375,-0.088855625963341733
1.90576171875,0.46125549132885435
1.90625,-0.90501666091408106
1.90673828125,0.93794220800749728
1.9072265625,1.3981504391593886
1.90771484375,0.33564546563798325
1.908203125,0.83202089686352787
1.90869140625,1.6758523563582639
1.9091796875,0.89076036837625316
1.90966796875,0.72612387907231457
1.91015625,1.6384463001065459
1.91064453125,1.778742913467485
1.9111328125,0.65054717852327049
1.91162109375,0.816009821043854
1.912109375,1.1599958674657167
1.91259765625,1.1533408985492661
1.9130859375,2.0899684550089193
1.91357421875,2.102646515341033
1.9140625,0.29090028506659915
1.91455078125,0.50207495616133002
1.9150390625,0.074683440621293506
1.91552734375,1.8636182333127882
1.916015625,1.6312635503764712
1.91650390625,0.70385746562186191
1.9169921875,0.79478977932314987
1.91748046875,0.3850066155825676
1.91796875,0.010590630865211503
1.91845703125,0.92584351667957088
1.9189453125,0.6701202088739745
1.91943359375,0.41989983174884277
1.919921875,0.4392774161691862
1.92041015625,1.7514974588090462
1.9208984375,0.17675985779805647
1.92138671875,0.41606158193416554
1.921875,0.14898843410100476
1.92236328125,-0.24088958132926697
1.9228515625,0.78562568642828234
1.92333984375,0.269708015503411
1.923828125,-0.063296896260014224
1.92431640625,0.36368790457291456
1.9248046875,1.0248320340032318
1.92529296875,-0.44699458088305699
1.92578125,-0.0039548514683573344
1.92626953125,-1.0178513349501201
1.9267578125,0.27962195417018132
1.92724609375,0.75983783034952557
1.927734375,-1.1140612667157739
1.92822265625,0.11480328946690335
1.9287109375,0.312419247483403
1.92919921875,-0.19863333210065742
1.9296875,0.076201403244028521
1.93017578125,-0.3673577597614287
1.9306640625,-0.49226845564520116
1.93115234375,0.07576775775154132
1.931640625,-0.96148034823821371
1.93212890625,-1.5765239440436549
1.9326171875,-0.42559710118961247
1.93310546875,-0.76122114416297659
1.93359375,-1.7459549815673494
1.93408203125,-1.9719743391387816
1.9345703125,-2.0702253112964124
1.93505859375,-1.590590797478056
1.935546875,-1.0248065990259057
1.93603515625,-0.59442018855647483
1.9365234375,-1.0741403137815138
1.93701171875,-1.3677486253317583
1.9375,-2.073568956808169
1.93798828125,-1.0190470388127513
1.9384765625,-0.94536231989433683
1.93896484375,-1.862692358268172
1.939453125,-1.4077908054255002
1.93994140625,-2.2271404282246614
1.9404296875,-1.198147980757627
1.94091796875,-1.0315303706084311
1.94140625,-1.2103424077306022
1.94189453125,-1.2372786723135343
1.9423828125,-0.47470572899726998
1.94287109375,0.34754651361106431
1.943359375,0.41105420468793336
1.94384765625,0.060464872856300617
1.9443359375,-0.5007491100602286
1.94482421875,0.063354240324384137
1.9453125,0.21753735775620275
1.94580078125,0.52117750961582887
1.9462890625,0.035129107925770786
1.94677734375,0.5744571041469656
1.947265625,1.0529415792481176
1.94775390625,0.047733975918003768
1.9482421875,1.1040483633602047
1.94873046875,0.38384468203198818
1.94921875,0.6367160881773094
1.94970703125,0.79259477742017803
1.9501953125,1.3905688412337034
1.95068359375,1.7983839512660587
1.951171875,1.755850812674284
1.95166015625,1.457706369321071
1.9521484375,0.93557654269633328
1.95263671875,-0.13237968985488779
1.953125,0.61912570492530183
1.95361328125,1.234830810656119
1.9541015625,0.45085694461433978
1.95458984375,0.48285051885212227
1.955078125,0.23498587916531638
1.95556640625,-0.45549415683063499
1.9560546875,0.60877233916986195
1.95654296875,0.71897733668860486
1.95703125,1.4046894864859765
1.95751953125,1.065376570101696
1.9580078125,0.12259740030404753
1.95849609375,0.60656021855633602
1.958984375,0.57817126321636181
1.95947265625,0.62100188588216676
1.9599609375,0.62514323743391753
1.96044921875,0.85131878915572679
1.9609375,0.26102552375638599
1.96142578125,0.60161206633386977
1.9619140625,0.58155210817753789
1.96240234375,0.27825153285634219
1.962890625,0.89643610318503164
1.96337890625,-0.4881503862556929
1.9638671875,0.48948717079933707
1.96435546875,1.2006952997178941
1.96484375,1.3541130869368732
1.96533203125,0.81582786825820008
1.9658203125,0.50784940789472488
1.96630859375,0.29749087018883491
1.966796875,0.25181870709293297
1.96728515625,0.847220605307894
1.9677734375,0.17116671729873381
1.96826171875,-0.066775125522462966
1.96875,0.26959815088510952
1.96923828125,-0.18374842252104762
1.9697265625,-0.042035070161280219
1.97021484375,-0.62591325449937441
1.970703125,0.022917073553846312
1.97119140625,-0.5818913153811105
1.9716796875,-0.31883454217516155
1.97216796875,-0.71050916388777652
1.97265625,-0.40083401283820963
1.97314453125,0.25828609027676219
1.9736328125,-0.28034768231248286
1.97412109375,-1.1788960163396505
1.974609375,-0.9193034291124369
1.97509765625,-1.9543123055581066
1.9755859375,-1.3223847924500514
1.97607421875,-0.17970167701488204
1.9765625,-0.93233376642306842
1.97705078125,-1.3701398900269346
1.9775390625,-1.1820823886373646
1.97802734375,-0.9051936670073909
1.978515625,-1.259854919523222
1.97900390625,-1.0988890437267891
1.9794921875,-0.64311885756534992
1.97998046875,-1.3177987830954612
1.98046875,-0.67006045453255936
1.98095703125,-1.6568104503126639
1.9814453125,-1.0231280729822538
1.98193359375,-0.98743322592191352
1.982421875,0.078382482213696369
1.98291015625,-0.72961677522606871
1.9833984375,-0.93154473630668444
1.98388671875,-1.6758892429215058
1.984375,-0.19085068148246692
1.98486328125,0.24357607139428422
1.9853515625,0.15978769532668191
1.98583984375,0.21383253337450636
1.986328125,0.986208590412748
1.98681640625,0.46075642876029965
1.9873046875,0.59008892189748852
1.98779296875,1.0877317822013677
1.98828125,0.68812301191307335
1.98876953125,0.16823241345905782
1.9892578125,0.76961565462980697
1.98974609375,1.0255078377242979
1.990234375,0.47812215986630391
1.99072265625,-0.063799565727680196
1.9912109375,0.85449592099482818
1.99169921875,0.30405597122561195
1.9921875,2.0275146259772452
1.99267578125,1.4374609317789742
1.9931640625,0.64236901020961645
1.99365234375,1.1162914881308057
1.994140625,0.65590377517065224
1.99462890625,1.0974384255179028
1.9951171875,0.10975148520934908
1.99560546875,1.0846194738785275
1.99609375,0.77541253166501922
1.99658203125,0.530408140710104
1.9970703125,1.0627289211554283
1.99755859375,0.82281024809748493
1.998046875,-0.4726539535109967
1.99853515625,0.33759273717024607
1.9990234375,0.43716017907594368
1.99951171875,0.68721942277217463
